[Sun, 27 Apr 2025 11:30:52 +0000] wpr: __construct
array (
  'prefix' => 'wpr',
  'licensing_servers' => 
  array (
    0 => 'https://dashboard.wpreset.com/api/',
  ),
  'version' => '2.04',
  'plugin_file' => 'C:\\xampp\\htdocs\\myPersonalSites\\devGithub\\wp-content\\plugins\\wp-reset\\wp-reset.php',
  'plugin_page' => 'tools_page_wp-reset',
  'skip_hooks' => false,
  'debug' => true,
  'js_folder' => 'http://localhost/myPersonalSites/devGithub/wp-content/plugins/wp-reset//js/',
)
array (
  'prefix' => 'wpr',
  'licensing_servers' => 
  array (
    0 => 'https://dashboard.wpreset.com/api/',
  ),
  'version' => '2.04',
  'slug' => 'wp-reset',
  'basename' => 'wp-reset/wp-reset.php',
  'plugin_page' => 'tools_page_wp-reset',
  'plugin_file' => 'C:\\xampp\\htdocs\\myPersonalSites\\devGithub\\wp-content\\plugins\\wp-reset\\wp-reset.php',
  'js_folder' => 'http://localhost/myPersonalSites/devGithub/wp-content/plugins/wp-reset//js/',
  'api_ver' => 'v1/',
  'valid_forever' => '2035-01-01',
  'unlimited_installs' => 99999,
  'debug' => true,
  'filesystem_initialized' => false,
)

[Sun, 27 Apr 2025 11:31:05 +0000] wpr: __construct
array (
  'prefix' => 'wpr',
  'licensing_servers' => 
  array (
    0 => 'https://dashboard.wpreset.com/api/',
  ),
  'version' => '2.04',
  'plugin_file' => 'C:\\xampp\\htdocs\\myPersonalSites\\devGithub\\wp-content\\plugins\\wp-reset\\wp-reset.php',
  'plugin_page' => 'tools_page_wp-reset',
  'skip_hooks' => false,
  'debug' => true,
  'js_folder' => 'http://localhost/myPersonalSites/devGithub/wp-content/plugins/wp-reset//js/',
)
array (
  'prefix' => 'wpr',
  'licensing_servers' => 
  array (
    0 => 'https://dashboard.wpreset.com/api/',
  ),
  'version' => '2.04',
  'slug' => 'wp-reset',
  'basename' => 'wp-reset/wp-reset.php',
  'plugin_page' => 'tools_page_wp-reset',
  'plugin_file' => 'C:\\xampp\\htdocs\\myPersonalSites\\devGithub\\wp-content\\plugins\\wp-reset\\wp-reset.php',
  'js_folder' => 'http://localhost/myPersonalSites/devGithub/wp-content/plugins/wp-reset//js/',
  'api_ver' => 'v1/',
  'valid_forever' => '2035-01-01',
  'unlimited_installs' => 99999,
  'debug' => true,
  'filesystem_initialized' => false,
)

[Sun, 27 Apr 2025 11:31:20 +0000] wpr: __construct
array (
  'prefix' => 'wpr',
  'licensing_servers' => 
  array (
    0 => 'https://dashboard.wpreset.com/api/',
  ),
  'version' => '2.04',
  'plugin_file' => 'C:\\xampp\\htdocs\\myPersonalSites\\devGithub\\wp-content\\plugins\\wp-reset\\wp-reset.php',
  'plugin_page' => 'tools_page_wp-reset',
  'skip_hooks' => false,
  'debug' => true,
  'js_folder' => 'http://localhost/myPersonalSites/devGithub/wp-content/plugins/wp-reset//js/',
)
array (
  'prefix' => 'wpr',
  'licensing_servers' => 
  array (
    0 => 'https://dashboard.wpreset.com/api/',
  ),
  'version' => '2.04',
  'slug' => 'wp-reset',
  'basename' => 'wp-reset/wp-reset.php',
  'plugin_page' => 'tools_page_wp-reset',
  'plugin_file' => 'C:\\xampp\\htdocs\\myPersonalSites\\devGithub\\wp-content\\plugins\\wp-reset\\wp-reset.php',
  'js_folder' => 'http://localhost/myPersonalSites/devGithub/wp-content/plugins/wp-reset//js/',
  'api_ver' => 'v1/',
  'valid_forever' => '2035-01-01',
  'unlimited_installs' => 99999,
  'debug' => true,
  'filesystem_initialized' => false,
)

[Sun, 27 Apr 2025 11:31:20 +0000] wpr: __construct
array (
  'prefix' => 'wpr',
  'licensing_servers' => 
  array (
    0 => 'https://dashboard.wpreset.com/api/',
  ),
  'version' => '2.04',
  'plugin_file' => 'C:\\xampp\\htdocs\\myPersonalSites\\devGithub\\wp-content\\plugins\\wp-reset\\wp-reset.php',
  'plugin_page' => 'tools_page_wp-reset',
  'skip_hooks' => false,
  'debug' => true,
  'js_folder' => 'http://localhost/myPersonalSites/devGithub/wp-content/plugins/wp-reset//js/',
)
array (
  'prefix' => 'wpr',
  'licensing_servers' => 
  array (
    0 => 'https://dashboard.wpreset.com/api/',
  ),
  'version' => '2.04',
  'slug' => 'wp-reset',
  'basename' => 'wp-reset/wp-reset.php',
  'plugin_page' => 'tools_page_wp-reset',
  'plugin_file' => 'C:\\xampp\\htdocs\\myPersonalSites\\devGithub\\wp-content\\plugins\\wp-reset\\wp-reset.php',
  'js_folder' => 'http://localhost/myPersonalSites/devGithub/wp-content/plugins/wp-reset//js/',
  'api_ver' => 'v1/',
  'valid_forever' => '2035-01-01',
  'unlimited_installs' => 99999,
  'debug' => true,
  'filesystem_initialized' => false,
)

[Sun, 27 Apr 2025 11:31:23 +0000] wpr: __construct
array (
  'prefix' => 'wpr',
  'licensing_servers' => 
  array (
    0 => 'https://dashboard.wpreset.com/api/',
  ),
  'version' => '2.04',
  'plugin_file' => 'C:\\xampp\\htdocs\\myPersonalSites\\devGithub\\wp-content\\plugins\\wp-reset\\wp-reset.php',
  'plugin_page' => 'tools_page_wp-reset',
  'skip_hooks' => false,
  'debug' => true,
  'js_folder' => 'http://localhost/myPersonalSites/devGithub/wp-content/plugins/wp-reset//js/',
)
array (
  'prefix' => 'wpr',
  'licensing_servers' => 
  array (
    0 => 'https://dashboard.wpreset.com/api/',
  ),
  'version' => '2.04',
  'slug' => 'wp-reset',
  'basename' => 'wp-reset/wp-reset.php',
  'plugin_page' => 'tools_page_wp-reset',
  'plugin_file' => 'C:\\xampp\\htdocs\\myPersonalSites\\devGithub\\wp-content\\plugins\\wp-reset\\wp-reset.php',
  'js_folder' => 'http://localhost/myPersonalSites/devGithub/wp-content/plugins/wp-reset//js/',
  'api_ver' => 'v1/',
  'valid_forever' => '2035-01-01',
  'unlimited_installs' => 99999,
  'debug' => true,
  'filesystem_initialized' => false,
)

[Sun, 27 Apr 2025 11:31:24 +0000] wpr: __construct
array (
  'prefix' => 'wpr',
  'licensing_servers' => 
  array (
    0 => 'https://dashboard.wpreset.com/api/',
  ),
  'version' => '2.04',
  'plugin_file' => 'C:\\xampp\\htdocs\\myPersonalSites\\devGithub\\wp-content\\plugins\\wp-reset\\wp-reset.php',
  'plugin_page' => 'tools_page_wp-reset',
  'skip_hooks' => false,
  'debug' => true,
  'js_folder' => 'http://localhost/myPersonalSites/devGithub/wp-content/plugins/wp-reset//js/',
)
array (
  'prefix' => 'wpr',
  'licensing_servers' => 
  array (
    0 => 'https://dashboard.wpreset.com/api/',
  ),
  'version' => '2.04',
  'slug' => 'wp-reset',
  'basename' => 'wp-reset/wp-reset.php',
  'plugin_page' => 'tools_page_wp-reset',
  'plugin_file' => 'C:\\xampp\\htdocs\\myPersonalSites\\devGithub\\wp-content\\plugins\\wp-reset\\wp-reset.php',
  'js_folder' => 'http://localhost/myPersonalSites/devGithub/wp-content/plugins/wp-reset//js/',
  'api_ver' => 'v1/',
  'valid_forever' => '2035-01-01',
  'unlimited_installs' => 99999,
  'debug' => true,
  'filesystem_initialized' => false,
)

[Sun, 27 Apr 2025 11:31:29 +0000] wpr: __construct
array (
  'prefix' => 'wpr',
  'licensing_servers' => 
  array (
    0 => 'https://dashboard.wpreset.com/api/',
  ),
  'version' => '2.04',
  'plugin_file' => 'C:\\xampp\\htdocs\\myPersonalSites\\devGithub\\wp-content\\plugins\\wp-reset\\wp-reset.php',
  'plugin_page' => 'tools_page_wp-reset',
  'skip_hooks' => false,
  'debug' => true,
  'js_folder' => 'http://localhost/myPersonalSites/devGithub/wp-content/plugins/wp-reset//js/',
)
array (
  'prefix' => 'wpr',
  'licensing_servers' => 
  array (
    0 => 'https://dashboard.wpreset.com/api/',
  ),
  'version' => '2.04',
  'slug' => 'wp-reset',
  'basename' => 'wp-reset/wp-reset.php',
  'plugin_page' => 'tools_page_wp-reset',
  'plugin_file' => 'C:\\xampp\\htdocs\\myPersonalSites\\devGithub\\wp-content\\plugins\\wp-reset\\wp-reset.php',
  'js_folder' => 'http://localhost/myPersonalSites/devGithub/wp-content/plugins/wp-reset//js/',
  'api_ver' => 'v1/',
  'valid_forever' => '2035-01-01',
  'unlimited_installs' => 99999,
  'debug' => true,
  'filesystem_initialized' => false,
)

[Sun, 27 Apr 2025 11:31:32 +0000] wpr: __construct
array (
  'prefix' => 'wpr',
  'licensing_servers' => 
  array (
    0 => 'https://dashboard.wpreset.com/api/',
  ),
  'version' => '2.04',
  'plugin_file' => 'C:\\xampp\\htdocs\\myPersonalSites\\devGithub\\wp-content\\plugins\\wp-reset\\wp-reset.php',
  'plugin_page' => 'tools_page_wp-reset',
  'skip_hooks' => false,
  'debug' => true,
  'js_folder' => 'http://localhost/myPersonalSites/devGithub/wp-content/plugins/wp-reset//js/',
)
array (
  'prefix' => 'wpr',
  'licensing_servers' => 
  array (
    0 => 'https://dashboard.wpreset.com/api/',
  ),
  'version' => '2.04',
  'slug' => 'wp-reset',
  'basename' => 'wp-reset/wp-reset.php',
  'plugin_page' => 'tools_page_wp-reset',
  'plugin_file' => 'C:\\xampp\\htdocs\\myPersonalSites\\devGithub\\wp-content\\plugins\\wp-reset\\wp-reset.php',
  'js_folder' => 'http://localhost/myPersonalSites/devGithub/wp-content/plugins/wp-reset//js/',
  'api_ver' => 'v1/',
  'valid_forever' => '2035-01-01',
  'unlimited_installs' => 99999,
  'debug' => true,
  'filesystem_initialized' => false,
)

[Sun, 27 Apr 2025 11:31:37 +0000] wpr: __construct
array (
  'prefix' => 'wpr',
  'licensing_servers' => 
  array (
    0 => 'https://dashboard.wpreset.com/api/',
  ),
  'version' => '2.04',
  'plugin_file' => 'C:\\xampp\\htdocs\\myPersonalSites\\devGithub\\wp-content\\plugins\\wp-reset\\wp-reset.php',
  'plugin_page' => 'tools_page_wp-reset',
  'skip_hooks' => false,
  'debug' => true,
  'js_folder' => 'http://localhost/myPersonalSites/devGithub/wp-content/plugins/wp-reset//js/',
)
array (
  'prefix' => 'wpr',
  'licensing_servers' => 
  array (
    0 => 'https://dashboard.wpreset.com/api/',
  ),
  'version' => '2.04',
  'slug' => 'wp-reset',
  'basename' => 'wp-reset/wp-reset.php',
  'plugin_page' => 'tools_page_wp-reset',
  'plugin_file' => 'C:\\xampp\\htdocs\\myPersonalSites\\devGithub\\wp-content\\plugins\\wp-reset\\wp-reset.php',
  'js_folder' => 'http://localhost/myPersonalSites/devGithub/wp-content/plugins/wp-reset//js/',
  'api_ver' => 'v1/',
  'valid_forever' => '2035-01-01',
  'unlimited_installs' => 99999,
  'debug' => true,
  'filesystem_initialized' => false,
)

[Sun, 27 Apr 2025 11:31:45 +0000] wpr: __construct
array (
  'prefix' => 'wpr',
  'licensing_servers' => 
  array (
    0 => 'https://dashboard.wpreset.com/api/',
  ),
  'version' => '2.04',
  'plugin_file' => 'C:\\xampp\\htdocs\\myPersonalSites\\devGithub\\wp-content\\plugins\\wp-reset\\wp-reset.php',
  'plugin_page' => 'tools_page_wp-reset',
  'skip_hooks' => false,
  'debug' => true,
  'js_folder' => 'http://localhost/myPersonalSites/devGithub/wp-content/plugins/wp-reset//js/',
)
array (
  'prefix' => 'wpr',
  'licensing_servers' => 
  array (
    0 => 'https://dashboard.wpreset.com/api/',
  ),
  'version' => '2.04',
  'slug' => 'wp-reset',
  'basename' => 'wp-reset/wp-reset.php',
  'plugin_page' => 'tools_page_wp-reset',
  'plugin_file' => 'C:\\xampp\\htdocs\\myPersonalSites\\devGithub\\wp-content\\plugins\\wp-reset\\wp-reset.php',
  'js_folder' => 'http://localhost/myPersonalSites/devGithub/wp-content/plugins/wp-reset//js/',
  'api_ver' => 'v1/',
  'valid_forever' => '2035-01-01',
  'unlimited_installs' => 99999,
  'debug' => true,
  'filesystem_initialized' => false,
)

[Sun, 27 Apr 2025 11:31:46 +0000] wpr: __construct
array (
  'prefix' => 'wpr',
  'licensing_servers' => 
  array (
    0 => 'https://dashboard.wpreset.com/api/',
  ),
  'version' => '2.04',
  'plugin_file' => 'C:\\xampp\\htdocs\\myPersonalSites\\devGithub\\wp-content\\plugins\\wp-reset\\wp-reset.php',
  'plugin_page' => 'tools_page_wp-reset',
  'skip_hooks' => false,
  'debug' => true,
  'js_folder' => 'http://localhost/myPersonalSites/devGithub/wp-content/plugins/wp-reset//js/',
)
array (
  'prefix' => 'wpr',
  'licensing_servers' => 
  array (
    0 => 'https://dashboard.wpreset.com/api/',
  ),
  'version' => '2.04',
  'slug' => 'wp-reset',
  'basename' => 'wp-reset/wp-reset.php',
  'plugin_page' => 'tools_page_wp-reset',
  'plugin_file' => 'C:\\xampp\\htdocs\\myPersonalSites\\devGithub\\wp-content\\plugins\\wp-reset\\wp-reset.php',
  'js_folder' => 'http://localhost/myPersonalSites/devGithub/wp-content/plugins/wp-reset//js/',
  'api_ver' => 'v1/',
  'valid_forever' => '2035-01-01',
  'unlimited_installs' => 99999,
  'debug' => true,
  'filesystem_initialized' => false,
)

[Sun, 27 Apr 2025 11:31:48 +0000] wpr: __construct
array (
  'prefix' => 'wpr',
  'licensing_servers' => 
  array (
    0 => 'https://dashboard.wpreset.com/api/',
  ),
  'version' => '2.04',
  'plugin_file' => 'C:\\xampp\\htdocs\\myPersonalSites\\devGithub\\wp-content\\plugins\\wp-reset\\wp-reset.php',
  'plugin_page' => 'tools_page_wp-reset',
  'skip_hooks' => false,
  'debug' => true,
  'js_folder' => 'http://localhost/myPersonalSites/devGithub/wp-content/plugins/wp-reset//js/',
)
array (
  'prefix' => 'wpr',
  'licensing_servers' => 
  array (
    0 => 'https://dashboard.wpreset.com/api/',
  ),
  'version' => '2.04',
  'slug' => 'wp-reset',
  'basename' => 'wp-reset/wp-reset.php',
  'plugin_page' => 'tools_page_wp-reset',
  'plugin_file' => 'C:\\xampp\\htdocs\\myPersonalSites\\devGithub\\wp-content\\plugins\\wp-reset\\wp-reset.php',
  'js_folder' => 'http://localhost/myPersonalSites/devGithub/wp-content/plugins/wp-reset//js/',
  'api_ver' => 'v1/',
  'valid_forever' => '2035-01-01',
  'unlimited_installs' => 99999,
  'debug' => true,
  'filesystem_initialized' => false,
)

[Sun, 27 Apr 2025 11:31:51 +0000] wpr: __construct
array (
  'prefix' => 'wpr',
  'licensing_servers' => 
  array (
    0 => 'https://dashboard.wpreset.com/api/',
  ),
  'version' => '2.04',
  'plugin_file' => 'C:\\xampp\\htdocs\\myPersonalSites\\devGithub\\wp-content\\plugins\\wp-reset\\wp-reset.php',
  'plugin_page' => 'tools_page_wp-reset',
  'skip_hooks' => false,
  'debug' => true,
  'js_folder' => 'http://localhost/myPersonalSites/devGithub/wp-content/plugins/wp-reset//js/',
)
array (
  'prefix' => 'wpr',
  'licensing_servers' => 
  array (
    0 => 'https://dashboard.wpreset.com/api/',
  ),
  'version' => '2.04',
  'slug' => 'wp-reset',
  'basename' => 'wp-reset/wp-reset.php',
  'plugin_page' => 'tools_page_wp-reset',
  'plugin_file' => 'C:\\xampp\\htdocs\\myPersonalSites\\devGithub\\wp-content\\plugins\\wp-reset\\wp-reset.php',
  'js_folder' => 'http://localhost/myPersonalSites/devGithub/wp-content/plugins/wp-reset//js/',
  'api_ver' => 'v1/',
  'valid_forever' => '2035-01-01',
  'unlimited_installs' => 99999,
  'debug' => true,
  'filesystem_initialized' => false,
)

[Sun, 27 Apr 2025 11:31:59 +0000] wpr: __construct
array (
  'prefix' => 'wpr',
  'licensing_servers' => 
  array (
    0 => 'https://dashboard.wpreset.com/api/',
  ),
  'version' => '2.04',
  'plugin_file' => 'C:\\xampp\\htdocs\\myPersonalSites\\devGithub\\wp-content\\plugins\\wp-reset\\wp-reset.php',
  'plugin_page' => 'tools_page_wp-reset',
  'skip_hooks' => false,
  'debug' => true,
  'js_folder' => 'http://localhost/myPersonalSites/devGithub/wp-content/plugins/wp-reset//js/',
)
array (
  'prefix' => 'wpr',
  'licensing_servers' => 
  array (
    0 => 'https://dashboard.wpreset.com/api/',
  ),
  'version' => '2.04',
  'slug' => 'wp-reset',
  'basename' => 'wp-reset/wp-reset.php',
  'plugin_page' => 'tools_page_wp-reset',
  'plugin_file' => 'C:\\xampp\\htdocs\\myPersonalSites\\devGithub\\wp-content\\plugins\\wp-reset\\wp-reset.php',
  'js_folder' => 'http://localhost/myPersonalSites/devGithub/wp-content/plugins/wp-reset//js/',
  'api_ver' => 'v1/',
  'valid_forever' => '2035-01-01',
  'unlimited_installs' => 99999,
  'debug' => true,
  'filesystem_initialized' => false,
)

[Sun, 27 Apr 2025 11:32:50 +0000] wpr: __construct
array (
  'prefix' => 'wpr',
  'licensing_servers' => 
  array (
    0 => 'https://dashboard.wpreset.com/api/',
  ),
  'version' => '2.04',
  'plugin_file' => 'C:\\xampp\\htdocs\\myPersonalSites\\devGithub\\wp-content\\plugins\\wp-reset\\wp-reset.php',
  'plugin_page' => 'tools_page_wp-reset',
  'skip_hooks' => false,
  'debug' => true,
  'js_folder' => 'http://localhost/myPersonalSites/devGithub/wp-content/plugins/wp-reset//js/',
)
array (
  'prefix' => 'wpr',
  'licensing_servers' => 
  array (
    0 => 'https://dashboard.wpreset.com/api/',
  ),
  'version' => '2.04',
  'slug' => 'wp-reset',
  'basename' => 'wp-reset/wp-reset.php',
  'plugin_page' => 'tools_page_wp-reset',
  'plugin_file' => 'C:\\xampp\\htdocs\\myPersonalSites\\devGithub\\wp-content\\plugins\\wp-reset\\wp-reset.php',
  'js_folder' => 'http://localhost/myPersonalSites/devGithub/wp-content/plugins/wp-reset//js/',
  'api_ver' => 'v1/',
  'valid_forever' => '2035-01-01',
  'unlimited_installs' => 99999,
  'debug' => true,
  'filesystem_initialized' => false,
)

[Sun, 27 Apr 2025 11:32:53 +0000] wpr: __construct
array (
  'prefix' => 'wpr',
  'licensing_servers' => 
  array (
    0 => 'https://dashboard.wpreset.com/api/',
  ),
  'version' => '2.04',
  'plugin_file' => 'C:\\xampp\\htdocs\\myPersonalSites\\devGithub\\wp-content\\plugins\\wp-reset\\wp-reset.php',
  'plugin_page' => 'tools_page_wp-reset',
  'skip_hooks' => false,
  'debug' => true,
  'js_folder' => 'http://localhost/myPersonalSites/devGithub/wp-content/plugins/wp-reset//js/',
)
array (
  'prefix' => 'wpr',
  'licensing_servers' => 
  array (
    0 => 'https://dashboard.wpreset.com/api/',
  ),
  'version' => '2.04',
  'slug' => 'wp-reset',
  'basename' => 'wp-reset/wp-reset.php',
  'plugin_page' => 'tools_page_wp-reset',
  'plugin_file' => 'C:\\xampp\\htdocs\\myPersonalSites\\devGithub\\wp-content\\plugins\\wp-reset\\wp-reset.php',
  'js_folder' => 'http://localhost/myPersonalSites/devGithub/wp-content/plugins/wp-reset//js/',
  'api_ver' => 'v1/',
  'valid_forever' => '2035-01-01',
  'unlimited_installs' => 99999,
  'debug' => true,
  'filesystem_initialized' => false,
)

[Sun, 27 Apr 2025 11:32:56 +0000] wpr: __construct
array (
  'prefix' => 'wpr',
  'licensing_servers' => 
  array (
    0 => 'https://dashboard.wpreset.com/api/',
  ),
  'version' => '2.04',
  'plugin_file' => 'C:\\xampp\\htdocs\\myPersonalSites\\devGithub\\wp-content\\plugins\\wp-reset\\wp-reset.php',
  'plugin_page' => 'tools_page_wp-reset',
  'skip_hooks' => false,
  'debug' => true,
  'js_folder' => 'http://localhost/myPersonalSites/devGithub/wp-content/plugins/wp-reset//js/',
)
array (
  'prefix' => 'wpr',
  'licensing_servers' => 
  array (
    0 => 'https://dashboard.wpreset.com/api/',
  ),
  'version' => '2.04',
  'slug' => 'wp-reset',
  'basename' => 'wp-reset/wp-reset.php',
  'plugin_page' => 'tools_page_wp-reset',
  'plugin_file' => 'C:\\xampp\\htdocs\\myPersonalSites\\devGithub\\wp-content\\plugins\\wp-reset\\wp-reset.php',
  'js_folder' => 'http://localhost/myPersonalSites/devGithub/wp-content/plugins/wp-reset//js/',
  'api_ver' => 'v1/',
  'valid_forever' => '2035-01-01',
  'unlimited_installs' => 99999,
  'debug' => true,
  'filesystem_initialized' => false,
)

[Sun, 27 Apr 2025 11:33:05 +0000] wpr: __construct
array (
  'prefix' => 'wpr',
  'licensing_servers' => 
  array (
    0 => 'https://dashboard.wpreset.com/api/',
  ),
  'version' => '2.04',
  'plugin_file' => 'C:\\xampp\\htdocs\\myPersonalSites\\devGithub\\wp-content\\plugins\\wp-reset\\wp-reset.php',
  'plugin_page' => 'tools_page_wp-reset',
  'skip_hooks' => false,
  'debug' => true,
  'js_folder' => 'http://localhost/myPersonalSites/devGithub/wp-content/plugins/wp-reset//js/',
)
array (
  'prefix' => 'wpr',
  'licensing_servers' => 
  array (
    0 => 'https://dashboard.wpreset.com/api/',
  ),
  'version' => '2.04',
  'slug' => 'wp-reset',
  'basename' => 'wp-reset/wp-reset.php',
  'plugin_page' => 'tools_page_wp-reset',
  'plugin_file' => 'C:\\xampp\\htdocs\\myPersonalSites\\devGithub\\wp-content\\plugins\\wp-reset\\wp-reset.php',
  'js_folder' => 'http://localhost/myPersonalSites/devGithub/wp-content/plugins/wp-reset//js/',
  'api_ver' => 'v1/',
  'valid_forever' => '2035-01-01',
  'unlimited_installs' => 99999,
  'debug' => true,
  'filesystem_initialized' => false,
)

[Sun, 27 Apr 2025 11:33:06 +0000] wpr: __construct
array (
  'prefix' => 'wpr',
  'licensing_servers' => 
  array (
    0 => 'https://dashboard.wpreset.com/api/',
  ),
  'version' => '2.04',
  'plugin_file' => 'C:\\xampp\\htdocs\\myPersonalSites\\devGithub\\wp-content\\plugins\\wp-reset\\wp-reset.php',
  'plugin_page' => 'tools_page_wp-reset',
  'skip_hooks' => false,
  'debug' => true,
  'js_folder' => 'http://localhost/myPersonalSites/devGithub/wp-content/plugins/wp-reset//js/',
)
array (
  'prefix' => 'wpr',
  'licensing_servers' => 
  array (
    0 => 'https://dashboard.wpreset.com/api/',
  ),
  'version' => '2.04',
  'slug' => 'wp-reset',
  'basename' => 'wp-reset/wp-reset.php',
  'plugin_page' => 'tools_page_wp-reset',
  'plugin_file' => 'C:\\xampp\\htdocs\\myPersonalSites\\devGithub\\wp-content\\plugins\\wp-reset\\wp-reset.php',
  'js_folder' => 'http://localhost/myPersonalSites/devGithub/wp-content/plugins/wp-reset//js/',
  'api_ver' => 'v1/',
  'valid_forever' => '2035-01-01',
  'unlimited_installs' => 99999,
  'debug' => true,
  'filesystem_initialized' => false,
)

[Sun, 27 Apr 2025 11:33:21 +0000] wpr: __construct
array (
  'prefix' => 'wpr',
  'licensing_servers' => 
  array (
    0 => 'https://dashboard.wpreset.com/api/',
  ),
  'version' => '2.04',
  'plugin_file' => 'C:\\xampp\\htdocs\\myPersonalSites\\devGithub\\wp-content\\plugins\\wp-reset\\wp-reset.php',
  'plugin_page' => 'tools_page_wp-reset',
  'skip_hooks' => false,
  'debug' => true,
  'js_folder' => 'http://localhost/myPersonalSites/devGithub/wp-content/plugins/wp-reset//js/',
)
array (
  'prefix' => 'wpr',
  'licensing_servers' => 
  array (
    0 => 'https://dashboard.wpreset.com/api/',
  ),
  'version' => '2.04',
  'slug' => 'wp-reset',
  'basename' => 'wp-reset/wp-reset.php',
  'plugin_page' => 'tools_page_wp-reset',
  'plugin_file' => 'C:\\xampp\\htdocs\\myPersonalSites\\devGithub\\wp-content\\plugins\\wp-reset\\wp-reset.php',
  'js_folder' => 'http://localhost/myPersonalSites/devGithub/wp-content/plugins/wp-reset//js/',
  'api_ver' => 'v1/',
  'valid_forever' => '2035-01-01',
  'unlimited_installs' => 99999,
  'debug' => true,
  'filesystem_initialized' => false,
)

[Sun, 27 Apr 2025 11:33:22 +0000] wpr: __construct
array (
  'prefix' => 'wpr',
  'licensing_servers' => 
  array (
    0 => 'https://dashboard.wpreset.com/api/',
  ),
  'version' => '2.04',
  'plugin_file' => 'C:\\xampp\\htdocs\\myPersonalSites\\devGithub\\wp-content\\plugins\\wp-reset\\wp-reset.php',
  'plugin_page' => 'tools_page_wp-reset',
  'skip_hooks' => false,
  'debug' => true,
  'js_folder' => 'http://localhost/myPersonalSites/devGithub/wp-content/plugins/wp-reset//js/',
)
array (
  'prefix' => 'wpr',
  'licensing_servers' => 
  array (
    0 => 'https://dashboard.wpreset.com/api/',
  ),
  'version' => '2.04',
  'slug' => 'wp-reset',
  'basename' => 'wp-reset/wp-reset.php',
  'plugin_page' => 'tools_page_wp-reset',
  'plugin_file' => 'C:\\xampp\\htdocs\\myPersonalSites\\devGithub\\wp-content\\plugins\\wp-reset\\wp-reset.php',
  'js_folder' => 'http://localhost/myPersonalSites/devGithub/wp-content/plugins/wp-reset//js/',
  'api_ver' => 'v1/',
  'valid_forever' => '2035-01-01',
  'unlimited_installs' => 99999,
  'debug' => true,
  'filesystem_initialized' => false,
)

[Sun, 27 Apr 2025 11:33:25 +0000] wpr: __construct
array (
  'prefix' => 'wpr',
  'licensing_servers' => 
  array (
    0 => 'https://dashboard.wpreset.com/api/',
  ),
  'version' => '2.04',
  'plugin_file' => 'C:\\xampp\\htdocs\\myPersonalSites\\devGithub\\wp-content\\plugins\\wp-reset\\wp-reset.php',
  'plugin_page' => 'tools_page_wp-reset',
  'skip_hooks' => false,
  'debug' => true,
  'js_folder' => 'http://localhost/myPersonalSites/devGithub/wp-content/plugins/wp-reset//js/',
)
array (
  'prefix' => 'wpr',
  'licensing_servers' => 
  array (
    0 => 'https://dashboard.wpreset.com/api/',
  ),
  'version' => '2.04',
  'slug' => 'wp-reset',
  'basename' => 'wp-reset/wp-reset.php',
  'plugin_page' => 'tools_page_wp-reset',
  'plugin_file' => 'C:\\xampp\\htdocs\\myPersonalSites\\devGithub\\wp-content\\plugins\\wp-reset\\wp-reset.php',
  'js_folder' => 'http://localhost/myPersonalSites/devGithub/wp-content/plugins/wp-reset//js/',
  'api_ver' => 'v1/',
  'valid_forever' => '2035-01-01',
  'unlimited_installs' => 99999,
  'debug' => true,
  'filesystem_initialized' => false,
)

[Sun, 27 Apr 2025 11:33:33 +0000] wpr: __construct
array (
  'prefix' => 'wpr',
  'licensing_servers' => 
  array (
    0 => 'https://dashboard.wpreset.com/api/',
  ),
  'version' => '2.04',
  'plugin_file' => 'C:\\xampp\\htdocs\\myPersonalSites\\devGithub\\wp-content\\plugins\\wp-reset\\wp-reset.php',
  'plugin_page' => 'tools_page_wp-reset',
  'skip_hooks' => false,
  'debug' => true,
  'js_folder' => 'http://localhost/myPersonalSites/devGithub/wp-content/plugins/wp-reset//js/',
)
array (
  'prefix' => 'wpr',
  'licensing_servers' => 
  array (
    0 => 'https://dashboard.wpreset.com/api/',
  ),
  'version' => '2.04',
  'slug' => 'wp-reset',
  'basename' => 'wp-reset/wp-reset.php',
  'plugin_page' => 'tools_page_wp-reset',
  'plugin_file' => 'C:\\xampp\\htdocs\\myPersonalSites\\devGithub\\wp-content\\plugins\\wp-reset\\wp-reset.php',
  'js_folder' => 'http://localhost/myPersonalSites/devGithub/wp-content/plugins/wp-reset//js/',
  'api_ver' => 'v1/',
  'valid_forever' => '2035-01-01',
  'unlimited_installs' => 99999,
  'debug' => true,
  'filesystem_initialized' => false,
)

[Sun, 27 Apr 2025 11:33:36 +0000] wpr: __construct
array (
  'prefix' => 'wpr',
  'licensing_servers' => 
  array (
    0 => 'https://dashboard.wpreset.com/api/',
  ),
  'version' => '2.04',
  'plugin_file' => 'C:\\xampp\\htdocs\\myPersonalSites\\devGithub\\wp-content\\plugins\\wp-reset\\wp-reset.php',
  'plugin_page' => 'tools_page_wp-reset',
  'skip_hooks' => false,
  'debug' => true,
  'js_folder' => 'http://localhost/myPersonalSites/devGithub/wp-content/plugins/wp-reset//js/',
)
array (
  'prefix' => 'wpr',
  'licensing_servers' => 
  array (
    0 => 'https://dashboard.wpreset.com/api/',
  ),
  'version' => '2.04',
  'slug' => 'wp-reset',
  'basename' => 'wp-reset/wp-reset.php',
  'plugin_page' => 'tools_page_wp-reset',
  'plugin_file' => 'C:\\xampp\\htdocs\\myPersonalSites\\devGithub\\wp-content\\plugins\\wp-reset\\wp-reset.php',
  'js_folder' => 'http://localhost/myPersonalSites/devGithub/wp-content/plugins/wp-reset//js/',
  'api_ver' => 'v1/',
  'valid_forever' => '2035-01-01',
  'unlimited_installs' => 99999,
  'debug' => true,
  'filesystem_initialized' => false,
)

[Sun, 27 Apr 2025 11:33:37 +0000] wpr: __construct
array (
  'prefix' => 'wpr',
  'licensing_servers' => 
  array (
    0 => 'https://dashboard.wpreset.com/api/',
  ),
  'version' => '2.04',
  'plugin_file' => 'C:\\xampp\\htdocs\\myPersonalSites\\devGithub\\wp-content\\plugins\\wp-reset\\wp-reset.php',
  'plugin_page' => 'tools_page_wp-reset',
  'skip_hooks' => false,
  'debug' => true,
  'js_folder' => 'http://localhost/myPersonalSites/devGithub/wp-content/plugins/wp-reset//js/',
)
array (
  'prefix' => 'wpr',
  'licensing_servers' => 
  array (
    0 => 'https://dashboard.wpreset.com/api/',
  ),
  'version' => '2.04',
  'slug' => 'wp-reset',
  'basename' => 'wp-reset/wp-reset.php',
  'plugin_page' => 'tools_page_wp-reset',
  'plugin_file' => 'C:\\xampp\\htdocs\\myPersonalSites\\devGithub\\wp-content\\plugins\\wp-reset\\wp-reset.php',
  'js_folder' => 'http://localhost/myPersonalSites/devGithub/wp-content/plugins/wp-reset//js/',
  'api_ver' => 'v1/',
  'valid_forever' => '2035-01-01',
  'unlimited_installs' => 99999,
  'debug' => true,
  'filesystem_initialized' => false,
)

[Sun, 27 Apr 2025 11:33:39 +0000] wpr: __construct
array (
  'prefix' => 'wpr',
  'licensing_servers' => 
  array (
    0 => 'https://dashboard.wpreset.com/api/',
  ),
  'version' => '2.04',
  'plugin_file' => 'C:\\xampp\\htdocs\\myPersonalSites\\devGithub\\wp-content\\plugins\\wp-reset\\wp-reset.php',
  'plugin_page' => 'tools_page_wp-reset',
  'skip_hooks' => false,
  'debug' => true,
  'js_folder' => 'http://localhost/myPersonalSites/devGithub/wp-content/plugins/wp-reset//js/',
)
array (
  'prefix' => 'wpr',
  'licensing_servers' => 
  array (
    0 => 'https://dashboard.wpreset.com/api/',
  ),
  'version' => '2.04',
  'slug' => 'wp-reset',
  'basename' => 'wp-reset/wp-reset.php',
  'plugin_page' => 'tools_page_wp-reset',
  'plugin_file' => 'C:\\xampp\\htdocs\\myPersonalSites\\devGithub\\wp-content\\plugins\\wp-reset\\wp-reset.php',
  'js_folder' => 'http://localhost/myPersonalSites/devGithub/wp-content/plugins/wp-reset//js/',
  'api_ver' => 'v1/',
  'valid_forever' => '2035-01-01',
  'unlimited_installs' => 99999,
  'debug' => true,
  'filesystem_initialized' => false,
)

[Sun, 27 Apr 2025 11:33:48 +0000] wpr: __construct
array (
  'prefix' => 'wpr',
  'licensing_servers' => 
  array (
    0 => 'https://dashboard.wpreset.com/api/',
  ),
  'version' => '2.04',
  'plugin_file' => 'C:\\xampp\\htdocs\\myPersonalSites\\devGithub\\wp-content\\plugins\\wp-reset\\wp-reset.php',
  'plugin_page' => 'tools_page_wp-reset',
  'skip_hooks' => false,
  'debug' => true,
  'js_folder' => 'http://localhost/myPersonalSites/devGithub/wp-content/plugins/wp-reset//js/',
)
array (
  'prefix' => 'wpr',
  'licensing_servers' => 
  array (
    0 => 'https://dashboard.wpreset.com/api/',
  ),
  'version' => '2.04',
  'slug' => 'wp-reset',
  'basename' => 'wp-reset/wp-reset.php',
  'plugin_page' => 'tools_page_wp-reset',
  'plugin_file' => 'C:\\xampp\\htdocs\\myPersonalSites\\devGithub\\wp-content\\plugins\\wp-reset\\wp-reset.php',
  'js_folder' => 'http://localhost/myPersonalSites/devGithub/wp-content/plugins/wp-reset//js/',
  'api_ver' => 'v1/',
  'valid_forever' => '2035-01-01',
  'unlimited_installs' => 99999,
  'debug' => true,
  'filesystem_initialized' => false,
)

[Sun, 27 Apr 2025 11:33:51 +0000] wpr: __construct
array (
  'prefix' => 'wpr',
  'licensing_servers' => 
  array (
    0 => 'https://dashboard.wpreset.com/api/',
  ),
  'version' => '2.04',
  'plugin_file' => 'C:\\xampp\\htdocs\\myPersonalSites\\devGithub\\wp-content\\plugins\\wp-reset\\wp-reset.php',
  'plugin_page' => 'tools_page_wp-reset',
  'skip_hooks' => false,
  'debug' => true,
  'js_folder' => 'http://localhost/myPersonalSites/devGithub/wp-content/plugins/wp-reset//js/',
)
array (
  'prefix' => 'wpr',
  'licensing_servers' => 
  array (
    0 => 'https://dashboard.wpreset.com/api/',
  ),
  'version' => '2.04',
  'slug' => 'wp-reset',
  'basename' => 'wp-reset/wp-reset.php',
  'plugin_page' => 'tools_page_wp-reset',
  'plugin_file' => 'C:\\xampp\\htdocs\\myPersonalSites\\devGithub\\wp-content\\plugins\\wp-reset\\wp-reset.php',
  'js_folder' => 'http://localhost/myPersonalSites/devGithub/wp-content/plugins/wp-reset//js/',
  'api_ver' => 'v1/',
  'valid_forever' => '2035-01-01',
  'unlimited_installs' => 99999,
  'debug' => true,
  'filesystem_initialized' => false,
)

[Sun, 27 Apr 2025 11:33:53 +0000] wpr: __construct
array (
  'prefix' => 'wpr',
  'licensing_servers' => 
  array (
    0 => 'https://dashboard.wpreset.com/api/',
  ),
  'version' => '2.04',
  'plugin_file' => 'C:\\xampp\\htdocs\\myPersonalSites\\devGithub\\wp-content\\plugins\\wp-reset\\wp-reset.php',
  'plugin_page' => 'tools_page_wp-reset',
  'skip_hooks' => false,
  'debug' => true,
  'js_folder' => 'http://localhost/myPersonalSites/devGithub/wp-content/plugins/wp-reset//js/',
)
array (
  'prefix' => 'wpr',
  'licensing_servers' => 
  array (
    0 => 'https://dashboard.wpreset.com/api/',
  ),
  'version' => '2.04',
  'slug' => 'wp-reset',
  'basename' => 'wp-reset/wp-reset.php',
  'plugin_page' => 'tools_page_wp-reset',
  'plugin_file' => 'C:\\xampp\\htdocs\\myPersonalSites\\devGithub\\wp-content\\plugins\\wp-reset\\wp-reset.php',
  'js_folder' => 'http://localhost/myPersonalSites/devGithub/wp-content/plugins/wp-reset//js/',
  'api_ver' => 'v1/',
  'valid_forever' => '2035-01-01',
  'unlimited_installs' => 99999,
  'debug' => true,
  'filesystem_initialized' => false,
)

[Sun, 27 Apr 2025 11:34:04 +0000] wpr: __construct
array (
  'prefix' => 'wpr',
  'licensing_servers' => 
  array (
    0 => 'https://dashboard.wpreset.com/api/',
  ),
  'version' => '2.04',
  'plugin_file' => 'C:\\xampp\\htdocs\\myPersonalSites\\devGithub\\wp-content\\plugins\\wp-reset\\wp-reset.php',
  'plugin_page' => 'tools_page_wp-reset',
  'skip_hooks' => false,
  'debug' => true,
  'js_folder' => 'http://localhost/myPersonalSites/devGithub/wp-content/plugins/wp-reset//js/',
)
array (
  'prefix' => 'wpr',
  'licensing_servers' => 
  array (
    0 => 'https://dashboard.wpreset.com/api/',
  ),
  'version' => '2.04',
  'slug' => 'wp-reset',
  'basename' => 'wp-reset/wp-reset.php',
  'plugin_page' => 'tools_page_wp-reset',
  'plugin_file' => 'C:\\xampp\\htdocs\\myPersonalSites\\devGithub\\wp-content\\plugins\\wp-reset\\wp-reset.php',
  'js_folder' => 'http://localhost/myPersonalSites/devGithub/wp-content/plugins/wp-reset//js/',
  'api_ver' => 'v1/',
  'valid_forever' => '2035-01-01',
  'unlimited_installs' => 99999,
  'debug' => true,
  'filesystem_initialized' => false,
)

[Sun, 27 Apr 2025 11:34:04 +0000] wpr: __construct
array (
  'prefix' => 'wpr',
  'licensing_servers' => 
  array (
    0 => 'https://dashboard.wpreset.com/api/',
  ),
  'version' => '2.04',
  'plugin_file' => 'C:\\xampp\\htdocs\\myPersonalSites\\devGithub\\wp-content\\plugins\\wp-reset\\wp-reset.php',
  'plugin_page' => 'tools_page_wp-reset',
  'skip_hooks' => false,
  'debug' => true,
  'js_folder' => 'http://localhost/myPersonalSites/devGithub/wp-content/plugins/wp-reset//js/',
)
array (
  'prefix' => 'wpr',
  'licensing_servers' => 
  array (
    0 => 'https://dashboard.wpreset.com/api/',
  ),
  'version' => '2.04',
  'slug' => 'wp-reset',
  'basename' => 'wp-reset/wp-reset.php',
  'plugin_page' => 'tools_page_wp-reset',
  'plugin_file' => 'C:\\xampp\\htdocs\\myPersonalSites\\devGithub\\wp-content\\plugins\\wp-reset\\wp-reset.php',
  'js_folder' => 'http://localhost/myPersonalSites/devGithub/wp-content/plugins/wp-reset//js/',
  'api_ver' => 'v1/',
  'valid_forever' => '2035-01-01',
  'unlimited_installs' => 99999,
  'debug' => true,
  'filesystem_initialized' => false,
)

[Sun, 27 Apr 2025 11:34:10 +0000] wpr: __construct
array (
  'prefix' => 'wpr',
  'licensing_servers' => 
  array (
    0 => 'https://dashboard.wpreset.com/api/',
  ),
  'version' => '2.04',
  'plugin_file' => 'C:\\xampp\\htdocs\\myPersonalSites\\devGithub\\wp-content\\plugins\\wp-reset\\wp-reset.php',
  'plugin_page' => 'tools_page_wp-reset',
  'skip_hooks' => false,
  'debug' => true,
  'js_folder' => 'http://localhost/myPersonalSites/devGithub/wp-content/plugins/wp-reset//js/',
)
array (
  'prefix' => 'wpr',
  'licensing_servers' => 
  array (
    0 => 'https://dashboard.wpreset.com/api/',
  ),
  'version' => '2.04',
  'slug' => 'wp-reset',
  'basename' => 'wp-reset/wp-reset.php',
  'plugin_page' => 'tools_page_wp-reset',
  'plugin_file' => 'C:\\xampp\\htdocs\\myPersonalSites\\devGithub\\wp-content\\plugins\\wp-reset\\wp-reset.php',
  'js_folder' => 'http://localhost/myPersonalSites/devGithub/wp-content/plugins/wp-reset//js/',
  'api_ver' => 'v1/',
  'valid_forever' => '2035-01-01',
  'unlimited_installs' => 99999,
  'debug' => true,
  'filesystem_initialized' => false,
)

[Sun, 27 Apr 2025 11:34:12 +0000] wpr: __construct
array (
  'prefix' => 'wpr',
  'licensing_servers' => 
  array (
    0 => 'https://dashboard.wpreset.com/api/',
  ),
  'version' => '2.04',
  'plugin_file' => 'C:\\xampp\\htdocs\\myPersonalSites\\devGithub\\wp-content\\plugins\\wp-reset\\wp-reset.php',
  'plugin_page' => 'tools_page_wp-reset',
  'skip_hooks' => false,
  'debug' => true,
  'js_folder' => 'http://localhost/myPersonalSites/devGithub/wp-content/plugins/wp-reset//js/',
)
array (
  'prefix' => 'wpr',
  'licensing_servers' => 
  array (
    0 => 'https://dashboard.wpreset.com/api/',
  ),
  'version' => '2.04',
  'slug' => 'wp-reset',
  'basename' => 'wp-reset/wp-reset.php',
  'plugin_page' => 'tools_page_wp-reset',
  'plugin_file' => 'C:\\xampp\\htdocs\\myPersonalSites\\devGithub\\wp-content\\plugins\\wp-reset\\wp-reset.php',
  'js_folder' => 'http://localhost/myPersonalSites/devGithub/wp-content/plugins/wp-reset//js/',
  'api_ver' => 'v1/',
  'valid_forever' => '2035-01-01',
  'unlimited_installs' => 99999,
  'debug' => true,
  'filesystem_initialized' => false,
)

[Sun, 27 Apr 2025 11:34:24 +0000] wpr: __construct
array (
  'prefix' => 'wpr',
  'licensing_servers' => 
  array (
    0 => 'https://dashboard.wpreset.com/api/',
  ),
  'version' => '2.04',
  'plugin_file' => 'C:\\xampp\\htdocs\\myPersonalSites\\devGithub\\wp-content\\plugins\\wp-reset\\wp-reset.php',
  'plugin_page' => 'tools_page_wp-reset',
  'skip_hooks' => false,
  'debug' => true,
  'js_folder' => 'http://localhost/myPersonalSites/devGithub/wp-content/plugins/wp-reset//js/',
)
array (
  'prefix' => 'wpr',
  'licensing_servers' => 
  array (
    0 => 'https://dashboard.wpreset.com/api/',
  ),
  'version' => '2.04',
  'slug' => 'wp-reset',
  'basename' => 'wp-reset/wp-reset.php',
  'plugin_page' => 'tools_page_wp-reset',
  'plugin_file' => 'C:\\xampp\\htdocs\\myPersonalSites\\devGithub\\wp-content\\plugins\\wp-reset\\wp-reset.php',
  'js_folder' => 'http://localhost/myPersonalSites/devGithub/wp-content/plugins/wp-reset//js/',
  'api_ver' => 'v1/',
  'valid_forever' => '2035-01-01',
  'unlimited_installs' => 99999,
  'debug' => true,
  'filesystem_initialized' => false,
)

[Sun, 27 Apr 2025 11:34:28 +0000] wpr: __construct
array (
  'prefix' => 'wpr',
  'licensing_servers' => 
  array (
    0 => 'https://dashboard.wpreset.com/api/',
  ),
  'version' => '2.04',
  'plugin_file' => 'C:\\xampp\\htdocs\\myPersonalSites\\devGithub\\wp-content\\plugins\\wp-reset\\wp-reset.php',
  'plugin_page' => 'tools_page_wp-reset',
  'skip_hooks' => false,
  'debug' => true,
  'js_folder' => 'http://localhost/myPersonalSites/devGithub/wp-content/plugins/wp-reset//js/',
)
array (
  'prefix' => 'wpr',
  'licensing_servers' => 
  array (
    0 => 'https://dashboard.wpreset.com/api/',
  ),
  'version' => '2.04',
  'slug' => 'wp-reset',
  'basename' => 'wp-reset/wp-reset.php',
  'plugin_page' => 'tools_page_wp-reset',
  'plugin_file' => 'C:\\xampp\\htdocs\\myPersonalSites\\devGithub\\wp-content\\plugins\\wp-reset\\wp-reset.php',
  'js_folder' => 'http://localhost/myPersonalSites/devGithub/wp-content/plugins/wp-reset//js/',
  'api_ver' => 'v1/',
  'valid_forever' => '2035-01-01',
  'unlimited_installs' => 99999,
  'debug' => true,
  'filesystem_initialized' => false,
)

[Sun, 27 Apr 2025 11:34:44 +0000] wpr: __construct
array (
  'prefix' => 'wpr',
  'licensing_servers' => 
  array (
    0 => 'https://dashboard.wpreset.com/api/',
  ),
  'version' => '2.04',
  'plugin_file' => 'C:\\xampp\\htdocs\\myPersonalSites\\devGithub\\wp-content\\plugins\\wp-reset\\wp-reset.php',
  'plugin_page' => 'tools_page_wp-reset',
  'skip_hooks' => false,
  'debug' => true,
  'js_folder' => 'http://localhost/myPersonalSites/devGithub/wp-content/plugins/wp-reset//js/',
)
array (
  'prefix' => 'wpr',
  'licensing_servers' => 
  array (
    0 => 'https://dashboard.wpreset.com/api/',
  ),
  'version' => '2.04',
  'slug' => 'wp-reset',
  'basename' => 'wp-reset/wp-reset.php',
  'plugin_page' => 'tools_page_wp-reset',
  'plugin_file' => 'C:\\xampp\\htdocs\\myPersonalSites\\devGithub\\wp-content\\plugins\\wp-reset\\wp-reset.php',
  'js_folder' => 'http://localhost/myPersonalSites/devGithub/wp-content/plugins/wp-reset//js/',
  'api_ver' => 'v1/',
  'valid_forever' => '2035-01-01',
  'unlimited_installs' => 99999,
  'debug' => true,
  'filesystem_initialized' => false,
)

[Sun, 27 Apr 2025 11:34:45 +0000] wpr: __construct
array (
  'prefix' => 'wpr',
  'licensing_servers' => 
  array (
    0 => 'https://dashboard.wpreset.com/api/',
  ),
  'version' => '2.04',
  'plugin_file' => 'C:\\xampp\\htdocs\\myPersonalSites\\devGithub\\wp-content\\plugins\\wp-reset\\wp-reset.php',
  'plugin_page' => 'tools_page_wp-reset',
  'skip_hooks' => false,
  'debug' => true,
  'js_folder' => 'http://localhost/myPersonalSites/devGithub/wp-content/plugins/wp-reset//js/',
)
array (
  'prefix' => 'wpr',
  'licensing_servers' => 
  array (
    0 => 'https://dashboard.wpreset.com/api/',
  ),
  'version' => '2.04',
  'slug' => 'wp-reset',
  'basename' => 'wp-reset/wp-reset.php',
  'plugin_page' => 'tools_page_wp-reset',
  'plugin_file' => 'C:\\xampp\\htdocs\\myPersonalSites\\devGithub\\wp-content\\plugins\\wp-reset\\wp-reset.php',
  'js_folder' => 'http://localhost/myPersonalSites/devGithub/wp-content/plugins/wp-reset//js/',
  'api_ver' => 'v1/',
  'valid_forever' => '2035-01-01',
  'unlimited_installs' => 99999,
  'debug' => true,
  'filesystem_initialized' => false,
)

[Sun, 27 Apr 2025 11:35:00 +0000] wpr: __construct
array (
  'prefix' => 'wpr',
  'licensing_servers' => 
  array (
    0 => 'https://dashboard.wpreset.com/api/',
  ),
  'version' => '2.04',
  'plugin_file' => 'C:\\xampp\\htdocs\\myPersonalSites\\devGithub\\wp-content\\plugins\\wp-reset\\wp-reset.php',
  'plugin_page' => 'tools_page_wp-reset',
  'skip_hooks' => false,
  'debug' => true,
  'js_folder' => 'http://localhost/myPersonalSites/devGithub/wp-content/plugins/wp-reset//js/',
)
array (
  'prefix' => 'wpr',
  'licensing_servers' => 
  array (
    0 => 'https://dashboard.wpreset.com/api/',
  ),
  'version' => '2.04',
  'slug' => 'wp-reset',
  'basename' => 'wp-reset/wp-reset.php',
  'plugin_page' => 'tools_page_wp-reset',
  'plugin_file' => 'C:\\xampp\\htdocs\\myPersonalSites\\devGithub\\wp-content\\plugins\\wp-reset\\wp-reset.php',
  'js_folder' => 'http://localhost/myPersonalSites/devGithub/wp-content/plugins/wp-reset//js/',
  'api_ver' => 'v1/',
  'valid_forever' => '2035-01-01',
  'unlimited_installs' => 99999,
  'debug' => true,
  'filesystem_initialized' => false,
)

[Sun, 27 Apr 2025 11:35:15 +0000] wpr: __construct
array (
  'prefix' => 'wpr',
  'licensing_servers' => 
  array (
    0 => 'https://dashboard.wpreset.com/api/',
  ),
  'version' => '2.04',
  'plugin_file' => 'C:\\xampp\\htdocs\\myPersonalSites\\devGithub\\wp-content\\plugins\\wp-reset\\wp-reset.php',
  'plugin_page' => 'tools_page_wp-reset',
  'skip_hooks' => false,
  'debug' => true,
  'js_folder' => 'http://localhost/myPersonalSites/devGithub/wp-content/plugins/wp-reset//js/',
)
array (
  'prefix' => 'wpr',
  'licensing_servers' => 
  array (
    0 => 'https://dashboard.wpreset.com/api/',
  ),
  'version' => '2.04',
  'slug' => 'wp-reset',
  'basename' => 'wp-reset/wp-reset.php',
  'plugin_page' => 'tools_page_wp-reset',
  'plugin_file' => 'C:\\xampp\\htdocs\\myPersonalSites\\devGithub\\wp-content\\plugins\\wp-reset\\wp-reset.php',
  'js_folder' => 'http://localhost/myPersonalSites/devGithub/wp-content/plugins/wp-reset//js/',
  'api_ver' => 'v1/',
  'valid_forever' => '2035-01-01',
  'unlimited_installs' => 99999,
  'debug' => true,
  'filesystem_initialized' => false,
)

[Sun, 27 Apr 2025 11:35:17 +0000] wpr: __construct
array (
  'prefix' => 'wpr',
  'licensing_servers' => 
  array (
    0 => 'https://dashboard.wpreset.com/api/',
  ),
  'version' => '2.04',
  'plugin_file' => 'C:\\xampp\\htdocs\\myPersonalSites\\devGithub\\wp-content\\plugins\\wp-reset\\wp-reset.php',
  'plugin_page' => 'tools_page_wp-reset',
  'skip_hooks' => false,
  'debug' => true,
  'js_folder' => 'http://localhost/myPersonalSites/devGithub/wp-content/plugins/wp-reset//js/',
)
array (
  'prefix' => 'wpr',
  'licensing_servers' => 
  array (
    0 => 'https://dashboard.wpreset.com/api/',
  ),
  'version' => '2.04',
  'slug' => 'wp-reset',
  'basename' => 'wp-reset/wp-reset.php',
  'plugin_page' => 'tools_page_wp-reset',
  'plugin_file' => 'C:\\xampp\\htdocs\\myPersonalSites\\devGithub\\wp-content\\plugins\\wp-reset\\wp-reset.php',
  'js_folder' => 'http://localhost/myPersonalSites/devGithub/wp-content/plugins/wp-reset//js/',
  'api_ver' => 'v1/',
  'valid_forever' => '2035-01-01',
  'unlimited_installs' => 99999,
  'debug' => true,
  'filesystem_initialized' => false,
)

[Sun, 27 Apr 2025 11:35:20 +0000] wpr: __construct
array (
  'prefix' => 'wpr',
  'licensing_servers' => 
  array (
    0 => 'https://dashboard.wpreset.com/api/',
  ),
  'version' => '2.04',
  'plugin_file' => 'C:\\xampp\\htdocs\\myPersonalSites\\devGithub\\wp-content\\plugins\\wp-reset\\wp-reset.php',
  'plugin_page' => 'tools_page_wp-reset',
  'skip_hooks' => false,
  'debug' => true,
  'js_folder' => 'http://localhost/myPersonalSites/devGithub/wp-content/plugins/wp-reset//js/',
)
array (
  'prefix' => 'wpr',
  'licensing_servers' => 
  array (
    0 => 'https://dashboard.wpreset.com/api/',
  ),
  'version' => '2.04',
  'slug' => 'wp-reset',
  'basename' => 'wp-reset/wp-reset.php',
  'plugin_page' => 'tools_page_wp-reset',
  'plugin_file' => 'C:\\xampp\\htdocs\\myPersonalSites\\devGithub\\wp-content\\plugins\\wp-reset\\wp-reset.php',
  'js_folder' => 'http://localhost/myPersonalSites/devGithub/wp-content/plugins/wp-reset//js/',
  'api_ver' => 'v1/',
  'valid_forever' => '2035-01-01',
  'unlimited_installs' => 99999,
  'debug' => true,
  'filesystem_initialized' => false,
)

[Sun, 27 Apr 2025 11:35:22 +0000] wpr: __construct
array (
  'prefix' => 'wpr',
  'licensing_servers' => 
  array (
    0 => 'https://dashboard.wpreset.com/api/',
  ),
  'version' => '2.04',
  'plugin_file' => 'C:\\xampp\\htdocs\\myPersonalSites\\devGithub\\wp-content\\plugins\\wp-reset\\wp-reset.php',
  'plugin_page' => 'tools_page_wp-reset',
  'skip_hooks' => false,
  'debug' => true,
  'js_folder' => 'http://localhost/myPersonalSites/devGithub/wp-content/plugins/wp-reset//js/',
)
array (
  'prefix' => 'wpr',
  'licensing_servers' => 
  array (
    0 => 'https://dashboard.wpreset.com/api/',
  ),
  'version' => '2.04',
  'slug' => 'wp-reset',
  'basename' => 'wp-reset/wp-reset.php',
  'plugin_page' => 'tools_page_wp-reset',
  'plugin_file' => 'C:\\xampp\\htdocs\\myPersonalSites\\devGithub\\wp-content\\plugins\\wp-reset\\wp-reset.php',
  'js_folder' => 'http://localhost/myPersonalSites/devGithub/wp-content/plugins/wp-reset//js/',
  'api_ver' => 'v1/',
  'valid_forever' => '2035-01-01',
  'unlimited_installs' => 99999,
  'debug' => true,
  'filesystem_initialized' => false,
)

[Sun, 27 Apr 2025 11:35:30 +0000] wpr: __construct
array (
  'prefix' => 'wpr',
  'licensing_servers' => 
  array (
    0 => 'https://dashboard.wpreset.com/api/',
  ),
  'version' => '2.04',
  'plugin_file' => 'C:\\xampp\\htdocs\\myPersonalSites\\devGithub\\wp-content\\plugins\\wp-reset\\wp-reset.php',
  'plugin_page' => 'tools_page_wp-reset',
  'skip_hooks' => false,
  'debug' => true,
  'js_folder' => 'http://localhost/myPersonalSites/devGithub/wp-content/plugins/wp-reset//js/',
)
array (
  'prefix' => 'wpr',
  'licensing_servers' => 
  array (
    0 => 'https://dashboard.wpreset.com/api/',
  ),
  'version' => '2.04',
  'slug' => 'wp-reset',
  'basename' => 'wp-reset/wp-reset.php',
  'plugin_page' => 'tools_page_wp-reset',
  'plugin_file' => 'C:\\xampp\\htdocs\\myPersonalSites\\devGithub\\wp-content\\plugins\\wp-reset\\wp-reset.php',
  'js_folder' => 'http://localhost/myPersonalSites/devGithub/wp-content/plugins/wp-reset//js/',
  'api_ver' => 'v1/',
  'valid_forever' => '2035-01-01',
  'unlimited_installs' => 99999,
  'debug' => true,
  'filesystem_initialized' => false,
)

[Sun, 27 Apr 2025 11:35:31 +0000] wpr: __construct
array (
  'prefix' => 'wpr',
  'licensing_servers' => 
  array (
    0 => 'https://dashboard.wpreset.com/api/',
  ),
  'version' => '2.04',
  'plugin_file' => 'C:\\xampp\\htdocs\\myPersonalSites\\devGithub\\wp-content\\plugins\\wp-reset\\wp-reset.php',
  'plugin_page' => 'tools_page_wp-reset',
  'skip_hooks' => false,
  'debug' => true,
  'js_folder' => 'http://localhost/myPersonalSites/devGithub/wp-content/plugins/wp-reset//js/',
)
array (
  'prefix' => 'wpr',
  'licensing_servers' => 
  array (
    0 => 'https://dashboard.wpreset.com/api/',
  ),
  'version' => '2.04',
  'slug' => 'wp-reset',
  'basename' => 'wp-reset/wp-reset.php',
  'plugin_page' => 'tools_page_wp-reset',
  'plugin_file' => 'C:\\xampp\\htdocs\\myPersonalSites\\devGithub\\wp-content\\plugins\\wp-reset\\wp-reset.php',
  'js_folder' => 'http://localhost/myPersonalSites/devGithub/wp-content/plugins/wp-reset//js/',
  'api_ver' => 'v1/',
  'valid_forever' => '2035-01-01',
  'unlimited_installs' => 99999,
  'debug' => true,
  'filesystem_initialized' => false,
)

[Sun, 27 Apr 2025 11:35:33 +0000] wpr: __construct
array (
  'prefix' => 'wpr',
  'licensing_servers' => 
  array (
    0 => 'https://dashboard.wpreset.com/api/',
  ),
  'version' => '2.04',
  'plugin_file' => 'C:\\xampp\\htdocs\\myPersonalSites\\devGithub\\wp-content\\plugins\\wp-reset\\wp-reset.php',
  'plugin_page' => 'tools_page_wp-reset',
  'skip_hooks' => false,
  'debug' => true,
  'js_folder' => 'http://localhost/myPersonalSites/devGithub/wp-content/plugins/wp-reset//js/',
)
array (
  'prefix' => 'wpr',
  'licensing_servers' => 
  array (
    0 => 'https://dashboard.wpreset.com/api/',
  ),
  'version' => '2.04',
  'slug' => 'wp-reset',
  'basename' => 'wp-reset/wp-reset.php',
  'plugin_page' => 'tools_page_wp-reset',
  'plugin_file' => 'C:\\xampp\\htdocs\\myPersonalSites\\devGithub\\wp-content\\plugins\\wp-reset\\wp-reset.php',
  'js_folder' => 'http://localhost/myPersonalSites/devGithub/wp-content/plugins/wp-reset//js/',
  'api_ver' => 'v1/',
  'valid_forever' => '2035-01-01',
  'unlimited_installs' => 99999,
  'debug' => true,
  'filesystem_initialized' => false,
)

[Sun, 27 Apr 2025 11:35:45 +0000] wpr: __construct
array (
  'prefix' => 'wpr',
  'licensing_servers' => 
  array (
    0 => 'https://dashboard.wpreset.com/api/',
  ),
  'version' => '2.04',
  'plugin_file' => 'C:\\xampp\\htdocs\\myPersonalSites\\devGithub\\wp-content\\plugins\\wp-reset\\wp-reset.php',
  'plugin_page' => 'tools_page_wp-reset',
  'skip_hooks' => false,
  'debug' => true,
  'js_folder' => 'http://localhost/myPersonalSites/devGithub/wp-content/plugins/wp-reset//js/',
)
array (
  'prefix' => 'wpr',
  'licensing_servers' => 
  array (
    0 => 'https://dashboard.wpreset.com/api/',
  ),
  'version' => '2.04',
  'slug' => 'wp-reset',
  'basename' => 'wp-reset/wp-reset.php',
  'plugin_page' => 'tools_page_wp-reset',
  'plugin_file' => 'C:\\xampp\\htdocs\\myPersonalSites\\devGithub\\wp-content\\plugins\\wp-reset\\wp-reset.php',
  'js_folder' => 'http://localhost/myPersonalSites/devGithub/wp-content/plugins/wp-reset//js/',
  'api_ver' => 'v1/',
  'valid_forever' => '2035-01-01',
  'unlimited_installs' => 99999,
  'debug' => true,
  'filesystem_initialized' => false,
)

[Sun, 27 Apr 2025 11:35:58 +0000] wpr: __construct
array (
  'prefix' => 'wpr',
  'licensing_servers' => 
  array (
    0 => 'https://dashboard.wpreset.com/api/',
  ),
  'version' => '2.04',
  'plugin_file' => 'C:\\xampp\\htdocs\\myPersonalSites\\devGithub\\wp-content\\plugins\\wp-reset\\wp-reset.php',
  'plugin_page' => 'tools_page_wp-reset',
  'skip_hooks' => false,
  'debug' => true,
  'js_folder' => 'http://localhost/myPersonalSites/devGithub/wp-content/plugins/wp-reset//js/',
)
array (
  'prefix' => 'wpr',
  'licensing_servers' => 
  array (
    0 => 'https://dashboard.wpreset.com/api/',
  ),
  'version' => '2.04',
  'slug' => 'wp-reset',
  'basename' => 'wp-reset/wp-reset.php',
  'plugin_page' => 'tools_page_wp-reset',
  'plugin_file' => 'C:\\xampp\\htdocs\\myPersonalSites\\devGithub\\wp-content\\plugins\\wp-reset\\wp-reset.php',
  'js_folder' => 'http://localhost/myPersonalSites/devGithub/wp-content/plugins/wp-reset//js/',
  'api_ver' => 'v1/',
  'valid_forever' => '2035-01-01',
  'unlimited_installs' => 99999,
  'debug' => true,
  'filesystem_initialized' => false,
)

[Sun, 27 Apr 2025 11:35:59 +0000] wpr: __construct
array (
  'prefix' => 'wpr',
  'licensing_servers' => 
  array (
    0 => 'https://dashboard.wpreset.com/api/',
  ),
  'version' => '2.04',
  'plugin_file' => 'C:\\xampp\\htdocs\\myPersonalSites\\devGithub\\wp-content\\plugins\\wp-reset\\wp-reset.php',
  'plugin_page' => 'tools_page_wp-reset',
  'skip_hooks' => false,
  'debug' => true,
  'js_folder' => 'http://localhost/myPersonalSites/devGithub/wp-content/plugins/wp-reset//js/',
)
array (
  'prefix' => 'wpr',
  'licensing_servers' => 
  array (
    0 => 'https://dashboard.wpreset.com/api/',
  ),
  'version' => '2.04',
  'slug' => 'wp-reset',
  'basename' => 'wp-reset/wp-reset.php',
  'plugin_page' => 'tools_page_wp-reset',
  'plugin_file' => 'C:\\xampp\\htdocs\\myPersonalSites\\devGithub\\wp-content\\plugins\\wp-reset\\wp-reset.php',
  'js_folder' => 'http://localhost/myPersonalSites/devGithub/wp-content/plugins/wp-reset//js/',
  'api_ver' => 'v1/',
  'valid_forever' => '2035-01-01',
  'unlimited_installs' => 99999,
  'debug' => true,
  'filesystem_initialized' => false,
)

[Sun, 27 Apr 2025 11:36:00 +0000] wpr: __construct
array (
  'prefix' => 'wpr',
  'licensing_servers' => 
  array (
    0 => 'https://dashboard.wpreset.com/api/',
  ),
  'version' => '2.04',
  'plugin_file' => 'C:\\xampp\\htdocs\\myPersonalSites\\devGithub\\wp-content\\plugins\\wp-reset\\wp-reset.php',
  'plugin_page' => 'tools_page_wp-reset',
  'skip_hooks' => false,
  'debug' => true,
  'js_folder' => 'http://localhost/myPersonalSites/devGithub/wp-content/plugins/wp-reset//js/',
)
array (
  'prefix' => 'wpr',
  'licensing_servers' => 
  array (
    0 => 'https://dashboard.wpreset.com/api/',
  ),
  'version' => '2.04',
  'slug' => 'wp-reset',
  'basename' => 'wp-reset/wp-reset.php',
  'plugin_page' => 'tools_page_wp-reset',
  'plugin_file' => 'C:\\xampp\\htdocs\\myPersonalSites\\devGithub\\wp-content\\plugins\\wp-reset\\wp-reset.php',
  'js_folder' => 'http://localhost/myPersonalSites/devGithub/wp-content/plugins/wp-reset//js/',
  'api_ver' => 'v1/',
  'valid_forever' => '2035-01-01',
  'unlimited_installs' => 99999,
  'debug' => true,
  'filesystem_initialized' => false,
)

[Sun, 27 Apr 2025 11:36:06 +0000] wpr: __construct
array (
  'prefix' => 'wpr',
  'licensing_servers' => 
  array (
    0 => 'https://dashboard.wpreset.com/api/',
  ),
  'version' => '2.04',
  'plugin_file' => 'C:\\xampp\\htdocs\\myPersonalSites\\devGithub\\wp-content\\plugins\\wp-reset\\wp-reset.php',
  'plugin_page' => 'tools_page_wp-reset',
  'skip_hooks' => false,
  'debug' => true,
  'js_folder' => 'http://localhost/myPersonalSites/devGithub/wp-content/plugins/wp-reset//js/',
)
array (
  'prefix' => 'wpr',
  'licensing_servers' => 
  array (
    0 => 'https://dashboard.wpreset.com/api/',
  ),
  'version' => '2.04',
  'slug' => 'wp-reset',
  'basename' => 'wp-reset/wp-reset.php',
  'plugin_page' => 'tools_page_wp-reset',
  'plugin_file' => 'C:\\xampp\\htdocs\\myPersonalSites\\devGithub\\wp-content\\plugins\\wp-reset\\wp-reset.php',
  'js_folder' => 'http://localhost/myPersonalSites/devGithub/wp-content/plugins/wp-reset//js/',
  'api_ver' => 'v1/',
  'valid_forever' => '2035-01-01',
  'unlimited_installs' => 99999,
  'debug' => true,
  'filesystem_initialized' => false,
)

[Sun, 27 Apr 2025 11:36:15 +0000] wpr: __construct
array (
  'prefix' => 'wpr',
  'licensing_servers' => 
  array (
    0 => 'https://dashboard.wpreset.com/api/',
  ),
  'version' => '2.04',
  'plugin_file' => 'C:\\xampp\\htdocs\\myPersonalSites\\devGithub\\wp-content\\plugins\\wp-reset\\wp-reset.php',
  'plugin_page' => 'tools_page_wp-reset',
  'skip_hooks' => false,
  'debug' => true,
  'js_folder' => 'http://localhost/myPersonalSites/devGithub/wp-content/plugins/wp-reset//js/',
)
array (
  'prefix' => 'wpr',
  'licensing_servers' => 
  array (
    0 => 'https://dashboard.wpreset.com/api/',
  ),
  'version' => '2.04',
  'slug' => 'wp-reset',
  'basename' => 'wp-reset/wp-reset.php',
  'plugin_page' => 'tools_page_wp-reset',
  'plugin_file' => 'C:\\xampp\\htdocs\\myPersonalSites\\devGithub\\wp-content\\plugins\\wp-reset\\wp-reset.php',
  'js_folder' => 'http://localhost/myPersonalSites/devGithub/wp-content/plugins/wp-reset//js/',
  'api_ver' => 'v1/',
  'valid_forever' => '2035-01-01',
  'unlimited_installs' => 99999,
  'debug' => true,
  'filesystem_initialized' => false,
)

[Sun, 27 Apr 2025 11:36:19 +0000] wpr: __construct
array (
  'prefix' => 'wpr',
  'licensing_servers' => 
  array (
    0 => 'https://dashboard.wpreset.com/api/',
  ),
  'version' => '2.04',
  'plugin_file' => 'C:\\xampp\\htdocs\\myPersonalSites\\devGithub\\wp-content\\plugins\\wp-reset\\wp-reset.php',
  'plugin_page' => 'tools_page_wp-reset',
  'skip_hooks' => false,
  'debug' => true,
  'js_folder' => 'http://localhost/myPersonalSites/devGithub/wp-content/plugins/wp-reset//js/',
)
array (
  'prefix' => 'wpr',
  'licensing_servers' => 
  array (
    0 => 'https://dashboard.wpreset.com/api/',
  ),
  'version' => '2.04',
  'slug' => 'wp-reset',
  'basename' => 'wp-reset/wp-reset.php',
  'plugin_page' => 'tools_page_wp-reset',
  'plugin_file' => 'C:\\xampp\\htdocs\\myPersonalSites\\devGithub\\wp-content\\plugins\\wp-reset\\wp-reset.php',
  'js_folder' => 'http://localhost/myPersonalSites/devGithub/wp-content/plugins/wp-reset//js/',
  'api_ver' => 'v1/',
  'valid_forever' => '2035-01-01',
  'unlimited_installs' => 99999,
  'debug' => true,
  'filesystem_initialized' => false,
)

[Sun, 27 Apr 2025 11:36:26 +0000] wpr: __construct
array (
  'prefix' => 'wpr',
  'licensing_servers' => 
  array (
    0 => 'https://dashboard.wpreset.com/api/',
  ),
  'version' => '2.04',
  'plugin_file' => 'C:\\xampp\\htdocs\\myPersonalSites\\devGithub\\wp-content\\plugins\\wp-reset\\wp-reset.php',
  'plugin_page' => 'tools_page_wp-reset',
  'skip_hooks' => false,
  'debug' => true,
  'js_folder' => 'http://localhost/myPersonalSites/devGithub/wp-content/plugins/wp-reset//js/',
)
array (
  'prefix' => 'wpr',
  'licensing_servers' => 
  array (
    0 => 'https://dashboard.wpreset.com/api/',
  ),
  'version' => '2.04',
  'slug' => 'wp-reset',
  'basename' => 'wp-reset/wp-reset.php',
  'plugin_page' => 'tools_page_wp-reset',
  'plugin_file' => 'C:\\xampp\\htdocs\\myPersonalSites\\devGithub\\wp-content\\plugins\\wp-reset\\wp-reset.php',
  'js_folder' => 'http://localhost/myPersonalSites/devGithub/wp-content/plugins/wp-reset//js/',
  'api_ver' => 'v1/',
  'valid_forever' => '2035-01-01',
  'unlimited_installs' => 99999,
  'debug' => true,
  'filesystem_initialized' => false,
)

[Sun, 27 Apr 2025 11:36:30 +0000] wpr: __construct
array (
  'prefix' => 'wpr',
  'licensing_servers' => 
  array (
    0 => 'https://dashboard.wpreset.com/api/',
  ),
  'version' => '2.04',
  'plugin_file' => 'C:\\xampp\\htdocs\\myPersonalSites\\devGithub\\wp-content\\plugins\\wp-reset\\wp-reset.php',
  'plugin_page' => 'tools_page_wp-reset',
  'skip_hooks' => false,
  'debug' => true,
  'js_folder' => 'http://localhost/myPersonalSites/devGithub/wp-content/plugins/wp-reset//js/',
)
array (
  'prefix' => 'wpr',
  'licensing_servers' => 
  array (
    0 => 'https://dashboard.wpreset.com/api/',
  ),
  'version' => '2.04',
  'slug' => 'wp-reset',
  'basename' => 'wp-reset/wp-reset.php',
  'plugin_page' => 'tools_page_wp-reset',
  'plugin_file' => 'C:\\xampp\\htdocs\\myPersonalSites\\devGithub\\wp-content\\plugins\\wp-reset\\wp-reset.php',
  'js_folder' => 'http://localhost/myPersonalSites/devGithub/wp-content/plugins/wp-reset//js/',
  'api_ver' => 'v1/',
  'valid_forever' => '2035-01-01',
  'unlimited_installs' => 99999,
  'debug' => true,
  'filesystem_initialized' => false,
)

[Sun, 27 Apr 2025 11:36:31 +0000] wpr: __construct
array (
  'prefix' => 'wpr',
  'licensing_servers' => 
  array (
    0 => 'https://dashboard.wpreset.com/api/',
  ),
  'version' => '2.04',
  'plugin_file' => 'C:\\xampp\\htdocs\\myPersonalSites\\devGithub\\wp-content\\plugins\\wp-reset\\wp-reset.php',
  'plugin_page' => 'tools_page_wp-reset',
  'skip_hooks' => false,
  'debug' => true,
  'js_folder' => 'http://localhost/myPersonalSites/devGithub/wp-content/plugins/wp-reset//js/',
)
array (
  'prefix' => 'wpr',
  'licensing_servers' => 
  array (
    0 => 'https://dashboard.wpreset.com/api/',
  ),
  'version' => '2.04',
  'slug' => 'wp-reset',
  'basename' => 'wp-reset/wp-reset.php',
  'plugin_page' => 'tools_page_wp-reset',
  'plugin_file' => 'C:\\xampp\\htdocs\\myPersonalSites\\devGithub\\wp-content\\plugins\\wp-reset\\wp-reset.php',
  'js_folder' => 'http://localhost/myPersonalSites/devGithub/wp-content/plugins/wp-reset//js/',
  'api_ver' => 'v1/',
  'valid_forever' => '2035-01-01',
  'unlimited_installs' => 99999,
  'debug' => true,
  'filesystem_initialized' => false,
)

[Sun, 27 Apr 2025 11:36:37 +0000] wpr: __construct
array (
  'prefix' => 'wpr',
  'licensing_servers' => 
  array (
    0 => 'https://dashboard.wpreset.com/api/',
  ),
  'version' => '2.04',
  'plugin_file' => 'C:\\xampp\\htdocs\\myPersonalSites\\devGithub\\wp-content\\plugins\\wp-reset\\wp-reset.php',
  'plugin_page' => 'tools_page_wp-reset',
  'skip_hooks' => false,
  'debug' => true,
  'js_folder' => 'http://localhost/myPersonalSites/devGithub/wp-content/plugins/wp-reset//js/',
)
array (
  'prefix' => 'wpr',
  'licensing_servers' => 
  array (
    0 => 'https://dashboard.wpreset.com/api/',
  ),
  'version' => '2.04',
  'slug' => 'wp-reset',
  'basename' => 'wp-reset/wp-reset.php',
  'plugin_page' => 'tools_page_wp-reset',
  'plugin_file' => 'C:\\xampp\\htdocs\\myPersonalSites\\devGithub\\wp-content\\plugins\\wp-reset\\wp-reset.php',
  'js_folder' => 'http://localhost/myPersonalSites/devGithub/wp-content/plugins/wp-reset//js/',
  'api_ver' => 'v1/',
  'valid_forever' => '2035-01-01',
  'unlimited_installs' => 99999,
  'debug' => true,
  'filesystem_initialized' => false,
)

[Sun, 27 Apr 2025 11:36:37 +0000] wpr: __construct
array (
  'prefix' => 'wpr',
  'licensing_servers' => 
  array (
    0 => 'https://dashboard.wpreset.com/api/',
  ),
  'version' => '2.04',
  'plugin_file' => 'C:\\xampp\\htdocs\\myPersonalSites\\devGithub\\wp-content\\plugins\\wp-reset\\wp-reset.php',
  'plugin_page' => 'tools_page_wp-reset',
  'skip_hooks' => false,
  'debug' => true,
  'js_folder' => 'http://localhost/myPersonalSites/devGithub/wp-content/plugins/wp-reset//js/',
)
array (
  'prefix' => 'wpr',
  'licensing_servers' => 
  array (
    0 => 'https://dashboard.wpreset.com/api/',
  ),
  'version' => '2.04',
  'slug' => 'wp-reset',
  'basename' => 'wp-reset/wp-reset.php',
  'plugin_page' => 'tools_page_wp-reset',
  'plugin_file' => 'C:\\xampp\\htdocs\\myPersonalSites\\devGithub\\wp-content\\plugins\\wp-reset\\wp-reset.php',
  'js_folder' => 'http://localhost/myPersonalSites/devGithub/wp-content/plugins/wp-reset//js/',
  'api_ver' => 'v1/',
  'valid_forever' => '2035-01-01',
  'unlimited_installs' => 99999,
  'debug' => true,
  'filesystem_initialized' => false,
)

[Sun, 27 Apr 2025 11:36:41 +0000] wpr: __construct
array (
  'prefix' => 'wpr',
  'licensing_servers' => 
  array (
    0 => 'https://dashboard.wpreset.com/api/',
  ),
  'version' => '2.04',
  'plugin_file' => 'C:\\xampp\\htdocs\\myPersonalSites\\devGithub\\wp-content\\plugins\\wp-reset\\wp-reset.php',
  'plugin_page' => 'tools_page_wp-reset',
  'skip_hooks' => false,
  'debug' => true,
  'js_folder' => 'http://localhost/myPersonalSites/devGithub/wp-content/plugins/wp-reset//js/',
)
array (
  'prefix' => 'wpr',
  'licensing_servers' => 
  array (
    0 => 'https://dashboard.wpreset.com/api/',
  ),
  'version' => '2.04',
  'slug' => 'wp-reset',
  'basename' => 'wp-reset/wp-reset.php',
  'plugin_page' => 'tools_page_wp-reset',
  'plugin_file' => 'C:\\xampp\\htdocs\\myPersonalSites\\devGithub\\wp-content\\plugins\\wp-reset\\wp-reset.php',
  'js_folder' => 'http://localhost/myPersonalSites/devGithub/wp-content/plugins/wp-reset//js/',
  'api_ver' => 'v1/',
  'valid_forever' => '2035-01-01',
  'unlimited_installs' => 99999,
  'debug' => true,
  'filesystem_initialized' => false,
)

[Sun, 27 Apr 2025 11:36:46 +0000] wpr: __construct
array (
  'prefix' => 'wpr',
  'licensing_servers' => 
  array (
    0 => 'https://dashboard.wpreset.com/api/',
  ),
  'version' => '2.04',
  'plugin_file' => 'C:\\xampp\\htdocs\\myPersonalSites\\devGithub\\wp-content\\plugins\\wp-reset\\wp-reset.php',
  'plugin_page' => 'tools_page_wp-reset',
  'skip_hooks' => false,
  'debug' => true,
  'js_folder' => 'http://localhost/myPersonalSites/devGithub/wp-content/plugins/wp-reset//js/',
)
array (
  'prefix' => 'wpr',
  'licensing_servers' => 
  array (
    0 => 'https://dashboard.wpreset.com/api/',
  ),
  'version' => '2.04',
  'slug' => 'wp-reset',
  'basename' => 'wp-reset/wp-reset.php',
  'plugin_page' => 'tools_page_wp-reset',
  'plugin_file' => 'C:\\xampp\\htdocs\\myPersonalSites\\devGithub\\wp-content\\plugins\\wp-reset\\wp-reset.php',
  'js_folder' => 'http://localhost/myPersonalSites/devGithub/wp-content/plugins/wp-reset//js/',
  'api_ver' => 'v1/',
  'valid_forever' => '2035-01-01',
  'unlimited_installs' => 99999,
  'debug' => true,
  'filesystem_initialized' => false,
)

[Sun, 27 Apr 2025 11:36:51 +0000] wpr: __construct
array (
  'prefix' => 'wpr',
  'licensing_servers' => 
  array (
    0 => 'https://dashboard.wpreset.com/api/',
  ),
  'version' => '2.04',
  'plugin_file' => 'C:\\xampp\\htdocs\\myPersonalSites\\devGithub\\wp-content\\plugins\\wp-reset\\wp-reset.php',
  'plugin_page' => 'tools_page_wp-reset',
  'skip_hooks' => false,
  'debug' => true,
  'js_folder' => 'http://localhost/myPersonalSites/devGithub/wp-content/plugins/wp-reset//js/',
)
array (
  'prefix' => 'wpr',
  'licensing_servers' => 
  array (
    0 => 'https://dashboard.wpreset.com/api/',
  ),
  'version' => '2.04',
  'slug' => 'wp-reset',
  'basename' => 'wp-reset/wp-reset.php',
  'plugin_page' => 'tools_page_wp-reset',
  'plugin_file' => 'C:\\xampp\\htdocs\\myPersonalSites\\devGithub\\wp-content\\plugins\\wp-reset\\wp-reset.php',
  'js_folder' => 'http://localhost/myPersonalSites/devGithub/wp-content/plugins/wp-reset//js/',
  'api_ver' => 'v1/',
  'valid_forever' => '2035-01-01',
  'unlimited_installs' => 99999,
  'debug' => true,
  'filesystem_initialized' => false,
)

[Sun, 27 Apr 2025 11:37:01 +0000] wpr: __construct
array (
  'prefix' => 'wpr',
  'licensing_servers' => 
  array (
    0 => 'https://dashboard.wpreset.com/api/',
  ),
  'version' => '2.04',
  'plugin_file' => 'C:\\xampp\\htdocs\\myPersonalSites\\devGithub\\wp-content\\plugins\\wp-reset\\wp-reset.php',
  'plugin_page' => 'tools_page_wp-reset',
  'skip_hooks' => false,
  'debug' => true,
  'js_folder' => 'http://localhost/myPersonalSites/devGithub/wp-content/plugins/wp-reset//js/',
)
array (
  'prefix' => 'wpr',
  'licensing_servers' => 
  array (
    0 => 'https://dashboard.wpreset.com/api/',
  ),
  'version' => '2.04',
  'slug' => 'wp-reset',
  'basename' => 'wp-reset/wp-reset.php',
  'plugin_page' => 'tools_page_wp-reset',
  'plugin_file' => 'C:\\xampp\\htdocs\\myPersonalSites\\devGithub\\wp-content\\plugins\\wp-reset\\wp-reset.php',
  'js_folder' => 'http://localhost/myPersonalSites/devGithub/wp-content/plugins/wp-reset//js/',
  'api_ver' => 'v1/',
  'valid_forever' => '2035-01-01',
  'unlimited_installs' => 99999,
  'debug' => true,
  'filesystem_initialized' => false,
)

[Sun, 27 Apr 2025 11:37:05 +0000] wpr: __construct
array (
  'prefix' => 'wpr',
  'licensing_servers' => 
  array (
    0 => 'https://dashboard.wpreset.com/api/',
  ),
  'version' => '2.04',
  'plugin_file' => 'C:\\xampp\\htdocs\\myPersonalSites\\devGithub\\wp-content\\plugins\\wp-reset\\wp-reset.php',
  'plugin_page' => 'tools_page_wp-reset',
  'skip_hooks' => false,
  'debug' => true,
  'js_folder' => 'http://localhost/myPersonalSites/devGithub/wp-content/plugins/wp-reset//js/',
)
array (
  'prefix' => 'wpr',
  'licensing_servers' => 
  array (
    0 => 'https://dashboard.wpreset.com/api/',
  ),
  'version' => '2.04',
  'slug' => 'wp-reset',
  'basename' => 'wp-reset/wp-reset.php',
  'plugin_page' => 'tools_page_wp-reset',
  'plugin_file' => 'C:\\xampp\\htdocs\\myPersonalSites\\devGithub\\wp-content\\plugins\\wp-reset\\wp-reset.php',
  'js_folder' => 'http://localhost/myPersonalSites/devGithub/wp-content/plugins/wp-reset//js/',
  'api_ver' => 'v1/',
  'valid_forever' => '2035-01-01',
  'unlimited_installs' => 99999,
  'debug' => true,
  'filesystem_initialized' => false,
)

[Sun, 27 Apr 2025 11:37:10 +0000] wpr: __construct
array (
  'prefix' => 'wpr',
  'licensing_servers' => 
  array (
    0 => 'https://dashboard.wpreset.com/api/',
  ),
  'version' => '2.04',
  'plugin_file' => 'C:\\xampp\\htdocs\\myPersonalSites\\devGithub\\wp-content\\plugins\\wp-reset\\wp-reset.php',
  'plugin_page' => 'tools_page_wp-reset',
  'skip_hooks' => false,
  'debug' => true,
  'js_folder' => 'http://localhost/myPersonalSites/devGithub/wp-content/plugins/wp-reset//js/',
)
array (
  'prefix' => 'wpr',
  'licensing_servers' => 
  array (
    0 => 'https://dashboard.wpreset.com/api/',
  ),
  'version' => '2.04',
  'slug' => 'wp-reset',
  'basename' => 'wp-reset/wp-reset.php',
  'plugin_page' => 'tools_page_wp-reset',
  'plugin_file' => 'C:\\xampp\\htdocs\\myPersonalSites\\devGithub\\wp-content\\plugins\\wp-reset\\wp-reset.php',
  'js_folder' => 'http://localhost/myPersonalSites/devGithub/wp-content/plugins/wp-reset//js/',
  'api_ver' => 'v1/',
  'valid_forever' => '2035-01-01',
  'unlimited_installs' => 99999,
  'debug' => true,
  'filesystem_initialized' => false,
)

[Sun, 27 Apr 2025 11:37:11 +0000] wpr: __construct
array (
  'prefix' => 'wpr',
  'licensing_servers' => 
  array (
    0 => 'https://dashboard.wpreset.com/api/',
  ),
  'version' => '2.04',
  'plugin_file' => 'C:\\xampp\\htdocs\\myPersonalSites\\devGithub\\wp-content\\plugins\\wp-reset\\wp-reset.php',
  'plugin_page' => 'tools_page_wp-reset',
  'skip_hooks' => false,
  'debug' => true,
  'js_folder' => 'http://localhost/myPersonalSites/devGithub/wp-content/plugins/wp-reset//js/',
)
array (
  'prefix' => 'wpr',
  'licensing_servers' => 
  array (
    0 => 'https://dashboard.wpreset.com/api/',
  ),
  'version' => '2.04',
  'slug' => 'wp-reset',
  'basename' => 'wp-reset/wp-reset.php',
  'plugin_page' => 'tools_page_wp-reset',
  'plugin_file' => 'C:\\xampp\\htdocs\\myPersonalSites\\devGithub\\wp-content\\plugins\\wp-reset\\wp-reset.php',
  'js_folder' => 'http://localhost/myPersonalSites/devGithub/wp-content/plugins/wp-reset//js/',
  'api_ver' => 'v1/',
  'valid_forever' => '2035-01-01',
  'unlimited_installs' => 99999,
  'debug' => true,
  'filesystem_initialized' => false,
)

[Sun, 27 Apr 2025 11:37:17 +0000] wpr: __construct
array (
  'prefix' => 'wpr',
  'licensing_servers' => 
  array (
    0 => 'https://dashboard.wpreset.com/api/',
  ),
  'version' => '2.04',
  'plugin_file' => 'C:\\xampp\\htdocs\\myPersonalSites\\devGithub\\wp-content\\plugins\\wp-reset\\wp-reset.php',
  'plugin_page' => 'tools_page_wp-reset',
  'skip_hooks' => false,
  'debug' => true,
  'js_folder' => 'http://localhost/myPersonalSites/devGithub/wp-content/plugins/wp-reset//js/',
)
array (
  'prefix' => 'wpr',
  'licensing_servers' => 
  array (
    0 => 'https://dashboard.wpreset.com/api/',
  ),
  'version' => '2.04',
  'slug' => 'wp-reset',
  'basename' => 'wp-reset/wp-reset.php',
  'plugin_page' => 'tools_page_wp-reset',
  'plugin_file' => 'C:\\xampp\\htdocs\\myPersonalSites\\devGithub\\wp-content\\plugins\\wp-reset\\wp-reset.php',
  'js_folder' => 'http://localhost/myPersonalSites/devGithub/wp-content/plugins/wp-reset//js/',
  'api_ver' => 'v1/',
  'valid_forever' => '2035-01-01',
  'unlimited_installs' => 99999,
  'debug' => true,
  'filesystem_initialized' => false,
)

[Sun, 27 Apr 2025 11:37:18 +0000] wpr: __construct
array (
  'prefix' => 'wpr',
  'licensing_servers' => 
  array (
    0 => 'https://dashboard.wpreset.com/api/',
  ),
  'version' => '2.04',
  'plugin_file' => 'C:\\xampp\\htdocs\\myPersonalSites\\devGithub\\wp-content\\plugins\\wp-reset\\wp-reset.php',
  'plugin_page' => 'tools_page_wp-reset',
  'skip_hooks' => false,
  'debug' => true,
  'js_folder' => 'http://localhost/myPersonalSites/devGithub/wp-content/plugins/wp-reset//js/',
)
array (
  'prefix' => 'wpr',
  'licensing_servers' => 
  array (
    0 => 'https://dashboard.wpreset.com/api/',
  ),
  'version' => '2.04',
  'slug' => 'wp-reset',
  'basename' => 'wp-reset/wp-reset.php',
  'plugin_page' => 'tools_page_wp-reset',
  'plugin_file' => 'C:\\xampp\\htdocs\\myPersonalSites\\devGithub\\wp-content\\plugins\\wp-reset\\wp-reset.php',
  'js_folder' => 'http://localhost/myPersonalSites/devGithub/wp-content/plugins/wp-reset//js/',
  'api_ver' => 'v1/',
  'valid_forever' => '2035-01-01',
  'unlimited_installs' => 99999,
  'debug' => true,
  'filesystem_initialized' => false,
)

[Sun, 27 Apr 2025 11:37:20 +0000] wpr: __construct
array (
  'prefix' => 'wpr',
  'licensing_servers' => 
  array (
    0 => 'https://dashboard.wpreset.com/api/',
  ),
  'version' => '2.04',
  'plugin_file' => 'C:\\xampp\\htdocs\\myPersonalSites\\devGithub\\wp-content\\plugins\\wp-reset\\wp-reset.php',
  'plugin_page' => 'tools_page_wp-reset',
  'skip_hooks' => false,
  'debug' => true,
  'js_folder' => 'http://localhost/myPersonalSites/devGithub/wp-content/plugins/wp-reset//js/',
)
array (
  'prefix' => 'wpr',
  'licensing_servers' => 
  array (
    0 => 'https://dashboard.wpreset.com/api/',
  ),
  'version' => '2.04',
  'slug' => 'wp-reset',
  'basename' => 'wp-reset/wp-reset.php',
  'plugin_page' => 'tools_page_wp-reset',
  'plugin_file' => 'C:\\xampp\\htdocs\\myPersonalSites\\devGithub\\wp-content\\plugins\\wp-reset\\wp-reset.php',
  'js_folder' => 'http://localhost/myPersonalSites/devGithub/wp-content/plugins/wp-reset//js/',
  'api_ver' => 'v1/',
  'valid_forever' => '2035-01-01',
  'unlimited_installs' => 99999,
  'debug' => true,
  'filesystem_initialized' => false,
)

[Sun, 27 Apr 2025 11:37:22 +0000] wpr: __construct
array (
  'prefix' => 'wpr',
  'licensing_servers' => 
  array (
    0 => 'https://dashboard.wpreset.com/api/',
  ),
  'version' => '2.04',
  'plugin_file' => 'C:\\xampp\\htdocs\\myPersonalSites\\devGithub\\wp-content\\plugins\\wp-reset\\wp-reset.php',
  'plugin_page' => 'tools_page_wp-reset',
  'skip_hooks' => false,
  'debug' => true,
  'js_folder' => 'http://localhost/myPersonalSites/devGithub/wp-content/plugins/wp-reset//js/',
)
array (
  'prefix' => 'wpr',
  'licensing_servers' => 
  array (
    0 => 'https://dashboard.wpreset.com/api/',
  ),
  'version' => '2.04',
  'slug' => 'wp-reset',
  'basename' => 'wp-reset/wp-reset.php',
  'plugin_page' => 'tools_page_wp-reset',
  'plugin_file' => 'C:\\xampp\\htdocs\\myPersonalSites\\devGithub\\wp-content\\plugins\\wp-reset\\wp-reset.php',
  'js_folder' => 'http://localhost/myPersonalSites/devGithub/wp-content/plugins/wp-reset//js/',
  'api_ver' => 'v1/',
  'valid_forever' => '2035-01-01',
  'unlimited_installs' => 99999,
  'debug' => true,
  'filesystem_initialized' => false,
)

[Sun, 27 Apr 2025 11:37:24 +0000] wpr: __construct
array (
  'prefix' => 'wpr',
  'licensing_servers' => 
  array (
    0 => 'https://dashboard.wpreset.com/api/',
  ),
  'version' => '2.04',
  'plugin_file' => 'C:\\xampp\\htdocs\\myPersonalSites\\devGithub\\wp-content\\plugins\\wp-reset\\wp-reset.php',
  'plugin_page' => 'tools_page_wp-reset',
  'skip_hooks' => false,
  'debug' => true,
  'js_folder' => 'http://localhost/myPersonalSites/devGithub/wp-content/plugins/wp-reset//js/',
)
array (
  'prefix' => 'wpr',
  'licensing_servers' => 
  array (
    0 => 'https://dashboard.wpreset.com/api/',
  ),
  'version' => '2.04',
  'slug' => 'wp-reset',
  'basename' => 'wp-reset/wp-reset.php',
  'plugin_page' => 'tools_page_wp-reset',
  'plugin_file' => 'C:\\xampp\\htdocs\\myPersonalSites\\devGithub\\wp-content\\plugins\\wp-reset\\wp-reset.php',
  'js_folder' => 'http://localhost/myPersonalSites/devGithub/wp-content/plugins/wp-reset//js/',
  'api_ver' => 'v1/',
  'valid_forever' => '2035-01-01',
  'unlimited_installs' => 99999,
  'debug' => true,
  'filesystem_initialized' => false,
)

[Sun, 27 Apr 2025 11:37:35 +0000] wpr: __construct
array (
  'prefix' => 'wpr',
  'licensing_servers' => 
  array (
    0 => 'https://dashboard.wpreset.com/api/',
  ),
  'version' => '2.04',
  'plugin_file' => 'C:\\xampp\\htdocs\\myPersonalSites\\devGithub\\wp-content\\plugins\\wp-reset\\wp-reset.php',
  'plugin_page' => 'tools_page_wp-reset',
  'skip_hooks' => false,
  'debug' => true,
  'js_folder' => 'http://localhost/myPersonalSites/devGithub/wp-content/plugins/wp-reset//js/',
)
array (
  'prefix' => 'wpr',
  'licensing_servers' => 
  array (
    0 => 'https://dashboard.wpreset.com/api/',
  ),
  'version' => '2.04',
  'slug' => 'wp-reset',
  'basename' => 'wp-reset/wp-reset.php',
  'plugin_page' => 'tools_page_wp-reset',
  'plugin_file' => 'C:\\xampp\\htdocs\\myPersonalSites\\devGithub\\wp-content\\plugins\\wp-reset\\wp-reset.php',
  'js_folder' => 'http://localhost/myPersonalSites/devGithub/wp-content/plugins/wp-reset//js/',
  'api_ver' => 'v1/',
  'valid_forever' => '2035-01-01',
  'unlimited_installs' => 99999,
  'debug' => true,
  'filesystem_initialized' => false,
)

[Sun, 27 Apr 2025 11:37:50 +0000] wpr: __construct
array (
  'prefix' => 'wpr',
  'licensing_servers' => 
  array (
    0 => 'https://dashboard.wpreset.com/api/',
  ),
  'version' => '2.04',
  'plugin_file' => 'C:\\xampp\\htdocs\\myPersonalSites\\devGithub\\wp-content\\plugins\\wp-reset\\wp-reset.php',
  'plugin_page' => 'tools_page_wp-reset',
  'skip_hooks' => false,
  'debug' => true,
  'js_folder' => 'http://localhost/myPersonalSites/devGithub/wp-content/plugins/wp-reset//js/',
)
array (
  'prefix' => 'wpr',
  'licensing_servers' => 
  array (
    0 => 'https://dashboard.wpreset.com/api/',
  ),
  'version' => '2.04',
  'slug' => 'wp-reset',
  'basename' => 'wp-reset/wp-reset.php',
  'plugin_page' => 'tools_page_wp-reset',
  'plugin_file' => 'C:\\xampp\\htdocs\\myPersonalSites\\devGithub\\wp-content\\plugins\\wp-reset\\wp-reset.php',
  'js_folder' => 'http://localhost/myPersonalSites/devGithub/wp-content/plugins/wp-reset//js/',
  'api_ver' => 'v1/',
  'valid_forever' => '2035-01-01',
  'unlimited_installs' => 99999,
  'debug' => true,
  'filesystem_initialized' => false,
)

[Sun, 27 Apr 2025 11:38:12 +0000] wpr: __construct
array (
  'prefix' => 'wpr',
  'licensing_servers' => 
  array (
    0 => 'https://dashboard.wpreset.com/api/',
  ),
  'version' => '2.04',
  'plugin_file' => 'C:\\xampp\\htdocs\\myPersonalSites\\devGithub\\wp-content\\plugins\\wp-reset\\wp-reset.php',
  'plugin_page' => 'tools_page_wp-reset',
  'skip_hooks' => false,
  'debug' => true,
  'js_folder' => 'http://localhost/myPersonalSites/devGithub/wp-content/plugins/wp-reset//js/',
)
array (
  'prefix' => 'wpr',
  'licensing_servers' => 
  array (
    0 => 'https://dashboard.wpreset.com/api/',
  ),
  'version' => '2.04',
  'slug' => 'wp-reset',
  'basename' => 'wp-reset/wp-reset.php',
  'plugin_page' => 'tools_page_wp-reset',
  'plugin_file' => 'C:\\xampp\\htdocs\\myPersonalSites\\devGithub\\wp-content\\plugins\\wp-reset\\wp-reset.php',
  'js_folder' => 'http://localhost/myPersonalSites/devGithub/wp-content/plugins/wp-reset//js/',
  'api_ver' => 'v1/',
  'valid_forever' => '2035-01-01',
  'unlimited_installs' => 99999,
  'debug' => true,
  'filesystem_initialized' => false,
)

[Sun, 27 Apr 2025 11:38:22 +0000] wpr: __construct
array (
  'prefix' => 'wpr',
  'licensing_servers' => 
  array (
    0 => 'https://dashboard.wpreset.com/api/',
  ),
  'version' => '2.04',
  'plugin_file' => 'C:\\xampp\\htdocs\\myPersonalSites\\devGithub\\wp-content\\plugins\\wp-reset\\wp-reset.php',
  'plugin_page' => 'tools_page_wp-reset',
  'skip_hooks' => false,
  'debug' => true,
  'js_folder' => 'http://localhost/myPersonalSites/devGithub/wp-content/plugins/wp-reset//js/',
)
array (
  'prefix' => 'wpr',
  'licensing_servers' => 
  array (
    0 => 'https://dashboard.wpreset.com/api/',
  ),
  'version' => '2.04',
  'slug' => 'wp-reset',
  'basename' => 'wp-reset/wp-reset.php',
  'plugin_page' => 'tools_page_wp-reset',
  'plugin_file' => 'C:\\xampp\\htdocs\\myPersonalSites\\devGithub\\wp-content\\plugins\\wp-reset\\wp-reset.php',
  'js_folder' => 'http://localhost/myPersonalSites/devGithub/wp-content/plugins/wp-reset//js/',
  'api_ver' => 'v1/',
  'valid_forever' => '2035-01-01',
  'unlimited_installs' => 99999,
  'debug' => true,
  'filesystem_initialized' => false,
)

[Sun, 27 Apr 2025 11:38:26 +0000] wpr: __construct
array (
  'prefix' => 'wpr',
  'licensing_servers' => 
  array (
    0 => 'https://dashboard.wpreset.com/api/',
  ),
  'version' => '2.04',
  'plugin_file' => 'C:\\xampp\\htdocs\\myPersonalSites\\devGithub\\wp-content\\plugins\\wp-reset\\wp-reset.php',
  'plugin_page' => 'tools_page_wp-reset',
  'skip_hooks' => false,
  'debug' => true,
  'js_folder' => 'http://localhost/myPersonalSites/devGithub/wp-content/plugins/wp-reset//js/',
)
array (
  'prefix' => 'wpr',
  'licensing_servers' => 
  array (
    0 => 'https://dashboard.wpreset.com/api/',
  ),
  'version' => '2.04',
  'slug' => 'wp-reset',
  'basename' => 'wp-reset/wp-reset.php',
  'plugin_page' => 'tools_page_wp-reset',
  'plugin_file' => 'C:\\xampp\\htdocs\\myPersonalSites\\devGithub\\wp-content\\plugins\\wp-reset\\wp-reset.php',
  'js_folder' => 'http://localhost/myPersonalSites/devGithub/wp-content/plugins/wp-reset//js/',
  'api_ver' => 'v1/',
  'valid_forever' => '2035-01-01',
  'unlimited_installs' => 99999,
  'debug' => true,
  'filesystem_initialized' => false,
)

[Sun, 27 Apr 2025 11:39:02 +0000] wpr: __construct
array (
  'prefix' => 'wpr',
  'licensing_servers' => 
  array (
    0 => 'https://dashboard.wpreset.com/api/',
  ),
  'version' => '2.04',
  'plugin_file' => 'C:\\xampp\\htdocs\\myPersonalSites\\devGithub\\wp-content\\plugins\\wp-reset\\wp-reset.php',
  'plugin_page' => 'tools_page_wp-reset',
  'skip_hooks' => false,
  'debug' => true,
  'js_folder' => 'http://localhost/myPersonalSites/devGithub/wp-content/plugins/wp-reset//js/',
)
array (
  'prefix' => 'wpr',
  'licensing_servers' => 
  array (
    0 => 'https://dashboard.wpreset.com/api/',
  ),
  'version' => '2.04',
  'slug' => 'wp-reset',
  'basename' => 'wp-reset/wp-reset.php',
  'plugin_page' => 'tools_page_wp-reset',
  'plugin_file' => 'C:\\xampp\\htdocs\\myPersonalSites\\devGithub\\wp-content\\plugins\\wp-reset\\wp-reset.php',
  'js_folder' => 'http://localhost/myPersonalSites/devGithub/wp-content/plugins/wp-reset//js/',
  'api_ver' => 'v1/',
  'valid_forever' => '2035-01-01',
  'unlimited_installs' => 99999,
  'debug' => true,
  'filesystem_initialized' => false,
)

[Sun, 27 Apr 2025 11:39:19 +0000] wpr: __construct
array (
  'prefix' => 'wpr',
  'licensing_servers' => 
  array (
    0 => 'https://dashboard.wpreset.com/api/',
  ),
  'version' => '2.04',
  'plugin_file' => 'C:\\xampp\\htdocs\\myPersonalSites\\devGithub\\wp-content\\plugins\\wp-reset\\wp-reset.php',
  'plugin_page' => 'tools_page_wp-reset',
  'skip_hooks' => false,
  'debug' => true,
  'js_folder' => 'http://localhost/myPersonalSites/devGithub/wp-content/plugins/wp-reset//js/',
)
array (
  'prefix' => 'wpr',
  'licensing_servers' => 
  array (
    0 => 'https://dashboard.wpreset.com/api/',
  ),
  'version' => '2.04',
  'slug' => 'wp-reset',
  'basename' => 'wp-reset/wp-reset.php',
  'plugin_page' => 'tools_page_wp-reset',
  'plugin_file' => 'C:\\xampp\\htdocs\\myPersonalSites\\devGithub\\wp-content\\plugins\\wp-reset\\wp-reset.php',
  'js_folder' => 'http://localhost/myPersonalSites/devGithub/wp-content/plugins/wp-reset//js/',
  'api_ver' => 'v1/',
  'valid_forever' => '2035-01-01',
  'unlimited_installs' => 99999,
  'debug' => true,
  'filesystem_initialized' => false,
)

[Sun, 27 Apr 2025 11:39:22 +0000] wpr: __construct
array (
  'prefix' => 'wpr',
  'licensing_servers' => 
  array (
    0 => 'https://dashboard.wpreset.com/api/',
  ),
  'version' => '2.04',
  'plugin_file' => 'C:\\xampp\\htdocs\\myPersonalSites\\devGithub\\wp-content\\plugins\\wp-reset\\wp-reset.php',
  'plugin_page' => 'tools_page_wp-reset',
  'skip_hooks' => false,
  'debug' => true,
  'js_folder' => 'http://localhost/myPersonalSites/devGithub/wp-content/plugins/wp-reset//js/',
)
array (
  'prefix' => 'wpr',
  'licensing_servers' => 
  array (
    0 => 'https://dashboard.wpreset.com/api/',
  ),
  'version' => '2.04',
  'slug' => 'wp-reset',
  'basename' => 'wp-reset/wp-reset.php',
  'plugin_page' => 'tools_page_wp-reset',
  'plugin_file' => 'C:\\xampp\\htdocs\\myPersonalSites\\devGithub\\wp-content\\plugins\\wp-reset\\wp-reset.php',
  'js_folder' => 'http://localhost/myPersonalSites/devGithub/wp-content/plugins/wp-reset//js/',
  'api_ver' => 'v1/',
  'valid_forever' => '2035-01-01',
  'unlimited_installs' => 99999,
  'debug' => true,
  'filesystem_initialized' => false,
)

[Sun, 27 Apr 2025 11:39:24 +0000] wpr: __construct
array (
  'prefix' => 'wpr',
  'licensing_servers' => 
  array (
    0 => 'https://dashboard.wpreset.com/api/',
  ),
  'version' => '2.04',
  'plugin_file' => 'C:\\xampp\\htdocs\\myPersonalSites\\devGithub\\wp-content\\plugins\\wp-reset\\wp-reset.php',
  'plugin_page' => 'tools_page_wp-reset',
  'skip_hooks' => false,
  'debug' => true,
  'js_folder' => 'http://localhost/myPersonalSites/devGithub/wp-content/plugins/wp-reset//js/',
)
array (
  'prefix' => 'wpr',
  'licensing_servers' => 
  array (
    0 => 'https://dashboard.wpreset.com/api/',
  ),
  'version' => '2.04',
  'slug' => 'wp-reset',
  'basename' => 'wp-reset/wp-reset.php',
  'plugin_page' => 'tools_page_wp-reset',
  'plugin_file' => 'C:\\xampp\\htdocs\\myPersonalSites\\devGithub\\wp-content\\plugins\\wp-reset\\wp-reset.php',
  'js_folder' => 'http://localhost/myPersonalSites/devGithub/wp-content/plugins/wp-reset//js/',
  'api_ver' => 'v1/',
  'valid_forever' => '2035-01-01',
  'unlimited_installs' => 99999,
  'debug' => true,
  'filesystem_initialized' => false,
)

[Sun, 27 Apr 2025 11:40:10 +0000] wpr: __construct
array (
  'prefix' => 'wpr',
  'licensing_servers' => 
  array (
    0 => 'https://dashboard.wpreset.com/api/',
  ),
  'version' => '2.04',
  'plugin_file' => 'C:\\xampp\\htdocs\\myPersonalSites\\devGithub\\wp-content\\plugins\\wp-reset\\wp-reset.php',
  'plugin_page' => 'tools_page_wp-reset',
  'skip_hooks' => false,
  'debug' => true,
  'js_folder' => 'http://localhost/myPersonalSites/devGithub/wp-content/plugins/wp-reset//js/',
)
array (
  'prefix' => 'wpr',
  'licensing_servers' => 
  array (
    0 => 'https://dashboard.wpreset.com/api/',
  ),
  'version' => '2.04',
  'slug' => 'wp-reset',
  'basename' => 'wp-reset/wp-reset.php',
  'plugin_page' => 'tools_page_wp-reset',
  'plugin_file' => 'C:\\xampp\\htdocs\\myPersonalSites\\devGithub\\wp-content\\plugins\\wp-reset\\wp-reset.php',
  'js_folder' => 'http://localhost/myPersonalSites/devGithub/wp-content/plugins/wp-reset//js/',
  'api_ver' => 'v1/',
  'valid_forever' => '2035-01-01',
  'unlimited_installs' => 99999,
  'debug' => true,
  'filesystem_initialized' => false,
)

[Sun, 27 Apr 2025 11:40:20 +0000] wpr: __construct
array (
  'prefix' => 'wpr',
  'licensing_servers' => 
  array (
    0 => 'https://dashboard.wpreset.com/api/',
  ),
  'version' => '2.04',
  'plugin_file' => 'C:\\xampp\\htdocs\\myPersonalSites\\devGithub\\wp-content\\plugins\\wp-reset\\wp-reset.php',
  'plugin_page' => 'tools_page_wp-reset',
  'skip_hooks' => false,
  'debug' => true,
  'js_folder' => 'http://localhost/myPersonalSites/devGithub/wp-content/plugins/wp-reset//js/',
)
array (
  'prefix' => 'wpr',
  'licensing_servers' => 
  array (
    0 => 'https://dashboard.wpreset.com/api/',
  ),
  'version' => '2.04',
  'slug' => 'wp-reset',
  'basename' => 'wp-reset/wp-reset.php',
  'plugin_page' => 'tools_page_wp-reset',
  'plugin_file' => 'C:\\xampp\\htdocs\\myPersonalSites\\devGithub\\wp-content\\plugins\\wp-reset\\wp-reset.php',
  'js_folder' => 'http://localhost/myPersonalSites/devGithub/wp-content/plugins/wp-reset//js/',
  'api_ver' => 'v1/',
  'valid_forever' => '2035-01-01',
  'unlimited_installs' => 99999,
  'debug' => true,
  'filesystem_initialized' => false,
)

[Sun, 27 Apr 2025 11:40:24 +0000] wpr: __construct
array (
  'prefix' => 'wpr',
  'licensing_servers' => 
  array (
    0 => 'https://dashboard.wpreset.com/api/',
  ),
  'version' => '2.04',
  'plugin_file' => 'C:\\xampp\\htdocs\\myPersonalSites\\devGithub\\wp-content\\plugins\\wp-reset\\wp-reset.php',
  'plugin_page' => 'tools_page_wp-reset',
  'skip_hooks' => false,
  'debug' => true,
  'js_folder' => 'http://localhost/myPersonalSites/devGithub/wp-content/plugins/wp-reset//js/',
)
array (
  'prefix' => 'wpr',
  'licensing_servers' => 
  array (
    0 => 'https://dashboard.wpreset.com/api/',
  ),
  'version' => '2.04',
  'slug' => 'wp-reset',
  'basename' => 'wp-reset/wp-reset.php',
  'plugin_page' => 'tools_page_wp-reset',
  'plugin_file' => 'C:\\xampp\\htdocs\\myPersonalSites\\devGithub\\wp-content\\plugins\\wp-reset\\wp-reset.php',
  'js_folder' => 'http://localhost/myPersonalSites/devGithub/wp-content/plugins/wp-reset//js/',
  'api_ver' => 'v1/',
  'valid_forever' => '2035-01-01',
  'unlimited_installs' => 99999,
  'debug' => true,
  'filesystem_initialized' => false,
)

[Sun, 27 Apr 2025 11:40:24 +0000] wpr: __construct
array (
  'prefix' => 'wpr',
  'licensing_servers' => 
  array (
    0 => 'https://dashboard.wpreset.com/api/',
  ),
  'version' => '2.04',
  'plugin_file' => 'C:\\xampp\\htdocs\\myPersonalSites\\devGithub\\wp-content\\plugins\\wp-reset\\wp-reset.php',
  'plugin_page' => 'tools_page_wp-reset',
  'skip_hooks' => false,
  'debug' => true,
  'js_folder' => 'http://localhost/myPersonalSites/devGithub/wp-content/plugins/wp-reset//js/',
)
array (
  'prefix' => 'wpr',
  'licensing_servers' => 
  array (
    0 => 'https://dashboard.wpreset.com/api/',
  ),
  'version' => '2.04',
  'slug' => 'wp-reset',
  'basename' => 'wp-reset/wp-reset.php',
  'plugin_page' => 'tools_page_wp-reset',
  'plugin_file' => 'C:\\xampp\\htdocs\\myPersonalSites\\devGithub\\wp-content\\plugins\\wp-reset\\wp-reset.php',
  'js_folder' => 'http://localhost/myPersonalSites/devGithub/wp-content/plugins/wp-reset//js/',
  'api_ver' => 'v1/',
  'valid_forever' => '2035-01-01',
  'unlimited_installs' => 99999,
  'debug' => true,
  'filesystem_initialized' => false,
)

[Sun, 27 Apr 2025 11:40:25 +0000] wpr: __construct
array (
  'prefix' => 'wpr',
  'licensing_servers' => 
  array (
    0 => 'https://dashboard.wpreset.com/api/',
  ),
  'version' => '2.04',
  'plugin_file' => 'C:\\xampp\\htdocs\\myPersonalSites\\devGithub\\wp-content\\plugins\\wp-reset\\wp-reset.php',
  'plugin_page' => 'tools_page_wp-reset',
  'skip_hooks' => false,
  'debug' => true,
  'js_folder' => 'http://localhost/myPersonalSites/devGithub/wp-content/plugins/wp-reset//js/',
)
array (
  'prefix' => 'wpr',
  'licensing_servers' => 
  array (
    0 => 'https://dashboard.wpreset.com/api/',
  ),
  'version' => '2.04',
  'slug' => 'wp-reset',
  'basename' => 'wp-reset/wp-reset.php',
  'plugin_page' => 'tools_page_wp-reset',
  'plugin_file' => 'C:\\xampp\\htdocs\\myPersonalSites\\devGithub\\wp-content\\plugins\\wp-reset\\wp-reset.php',
  'js_folder' => 'http://localhost/myPersonalSites/devGithub/wp-content/plugins/wp-reset//js/',
  'api_ver' => 'v1/',
  'valid_forever' => '2035-01-01',
  'unlimited_installs' => 99999,
  'debug' => true,
  'filesystem_initialized' => false,
)

[Sun, 27 Apr 2025 11:40:50 +0000] wpr: __construct
array (
  'prefix' => 'wpr',
  'licensing_servers' => 
  array (
    0 => 'https://dashboard.wpreset.com/api/',
  ),
  'version' => '2.04',
  'plugin_file' => 'C:\\xampp\\htdocs\\myPersonalSites\\devGithub\\wp-content\\plugins\\wp-reset\\wp-reset.php',
  'plugin_page' => 'tools_page_wp-reset',
  'skip_hooks' => false,
  'debug' => true,
  'js_folder' => 'http://localhost/myPersonalSites/devGithub/wp-content/plugins/wp-reset//js/',
)
array (
  'prefix' => 'wpr',
  'licensing_servers' => 
  array (
    0 => 'https://dashboard.wpreset.com/api/',
  ),
  'version' => '2.04',
  'slug' => 'wp-reset',
  'basename' => 'wp-reset/wp-reset.php',
  'plugin_page' => 'tools_page_wp-reset',
  'plugin_file' => 'C:\\xampp\\htdocs\\myPersonalSites\\devGithub\\wp-content\\plugins\\wp-reset\\wp-reset.php',
  'js_folder' => 'http://localhost/myPersonalSites/devGithub/wp-content/plugins/wp-reset//js/',
  'api_ver' => 'v1/',
  'valid_forever' => '2035-01-01',
  'unlimited_installs' => 99999,
  'debug' => true,
  'filesystem_initialized' => false,
)

[Sun, 27 Apr 2025 11:40:52 +0000] wpr: __construct
array (
  'prefix' => 'wpr',
  'licensing_servers' => 
  array (
    0 => 'https://dashboard.wpreset.com/api/',
  ),
  'version' => '2.04',
  'plugin_file' => 'C:\\xampp\\htdocs\\myPersonalSites\\devGithub\\wp-content\\plugins\\wp-reset\\wp-reset.php',
  'plugin_page' => 'tools_page_wp-reset',
  'skip_hooks' => false,
  'debug' => true,
  'js_folder' => 'http://localhost/myPersonalSites/devGithub/wp-content/plugins/wp-reset//js/',
)
array (
  'prefix' => 'wpr',
  'licensing_servers' => 
  array (
    0 => 'https://dashboard.wpreset.com/api/',
  ),
  'version' => '2.04',
  'slug' => 'wp-reset',
  'basename' => 'wp-reset/wp-reset.php',
  'plugin_page' => 'tools_page_wp-reset',
  'plugin_file' => 'C:\\xampp\\htdocs\\myPersonalSites\\devGithub\\wp-content\\plugins\\wp-reset\\wp-reset.php',
  'js_folder' => 'http://localhost/myPersonalSites/devGithub/wp-content/plugins/wp-reset//js/',
  'api_ver' => 'v1/',
  'valid_forever' => '2035-01-01',
  'unlimited_installs' => 99999,
  'debug' => true,
  'filesystem_initialized' => false,
)

[Sun, 27 Apr 2025 11:41:03 +0000] wpr: __construct
array (
  'prefix' => 'wpr',
  'licensing_servers' => 
  array (
    0 => 'https://dashboard.wpreset.com/api/',
  ),
  'version' => '2.04',
  'plugin_file' => 'C:\\xampp\\htdocs\\myPersonalSites\\devGithub\\wp-content\\plugins\\wp-reset\\wp-reset.php',
  'plugin_page' => 'tools_page_wp-reset',
  'skip_hooks' => false,
  'debug' => true,
  'js_folder' => 'http://localhost/myPersonalSites/devGithub/wp-content/plugins/wp-reset//js/',
)
array (
  'prefix' => 'wpr',
  'licensing_servers' => 
  array (
    0 => 'https://dashboard.wpreset.com/api/',
  ),
  'version' => '2.04',
  'slug' => 'wp-reset',
  'basename' => 'wp-reset/wp-reset.php',
  'plugin_page' => 'tools_page_wp-reset',
  'plugin_file' => 'C:\\xampp\\htdocs\\myPersonalSites\\devGithub\\wp-content\\plugins\\wp-reset\\wp-reset.php',
  'js_folder' => 'http://localhost/myPersonalSites/devGithub/wp-content/plugins/wp-reset//js/',
  'api_ver' => 'v1/',
  'valid_forever' => '2035-01-01',
  'unlimited_installs' => 99999,
  'debug' => true,
  'filesystem_initialized' => false,
)

[Sun, 27 Apr 2025 11:41:06 +0000] wpr: __construct
array (
  'prefix' => 'wpr',
  'licensing_servers' => 
  array (
    0 => 'https://dashboard.wpreset.com/api/',
  ),
  'version' => '2.04',
  'plugin_file' => 'C:\\xampp\\htdocs\\myPersonalSites\\devGithub\\wp-content\\plugins\\wp-reset\\wp-reset.php',
  'plugin_page' => 'tools_page_wp-reset',
  'skip_hooks' => false,
  'debug' => true,
  'js_folder' => 'http://localhost/myPersonalSites/devGithub/wp-content/plugins/wp-reset//js/',
)
array (
  'prefix' => 'wpr',
  'licensing_servers' => 
  array (
    0 => 'https://dashboard.wpreset.com/api/',
  ),
  'version' => '2.04',
  'slug' => 'wp-reset',
  'basename' => 'wp-reset/wp-reset.php',
  'plugin_page' => 'tools_page_wp-reset',
  'plugin_file' => 'C:\\xampp\\htdocs\\myPersonalSites\\devGithub\\wp-content\\plugins\\wp-reset\\wp-reset.php',
  'js_folder' => 'http://localhost/myPersonalSites/devGithub/wp-content/plugins/wp-reset//js/',
  'api_ver' => 'v1/',
  'valid_forever' => '2035-01-01',
  'unlimited_installs' => 99999,
  'debug' => true,
  'filesystem_initialized' => false,
)

[Sun, 27 Apr 2025 11:41:10 +0000] wpr: __construct
array (
  'prefix' => 'wpr',
  'licensing_servers' => 
  array (
    0 => 'https://dashboard.wpreset.com/api/',
  ),
  'version' => '2.04',
  'plugin_file' => 'C:\\xampp\\htdocs\\myPersonalSites\\devGithub\\wp-content\\plugins\\wp-reset\\wp-reset.php',
  'plugin_page' => 'tools_page_wp-reset',
  'skip_hooks' => false,
  'debug' => true,
  'js_folder' => 'http://localhost/myPersonalSites/devGithub/wp-content/plugins/wp-reset//js/',
)
array (
  'prefix' => 'wpr',
  'licensing_servers' => 
  array (
    0 => 'https://dashboard.wpreset.com/api/',
  ),
  'version' => '2.04',
  'slug' => 'wp-reset',
  'basename' => 'wp-reset/wp-reset.php',
  'plugin_page' => 'tools_page_wp-reset',
  'plugin_file' => 'C:\\xampp\\htdocs\\myPersonalSites\\devGithub\\wp-content\\plugins\\wp-reset\\wp-reset.php',
  'js_folder' => 'http://localhost/myPersonalSites/devGithub/wp-content/plugins/wp-reset//js/',
  'api_ver' => 'v1/',
  'valid_forever' => '2035-01-01',
  'unlimited_installs' => 99999,
  'debug' => true,
  'filesystem_initialized' => false,
)

[Sun, 27 Apr 2025 11:41:20 +0000] wpr: __construct
array (
  'prefix' => 'wpr',
  'licensing_servers' => 
  array (
    0 => 'https://dashboard.wpreset.com/api/',
  ),
  'version' => '2.04',
  'plugin_file' => 'C:\\xampp\\htdocs\\myPersonalSites\\devGithub\\wp-content\\plugins\\wp-reset\\wp-reset.php',
  'plugin_page' => 'tools_page_wp-reset',
  'skip_hooks' => false,
  'debug' => true,
  'js_folder' => 'http://localhost/myPersonalSites/devGithub/wp-content/plugins/wp-reset//js/',
)
array (
  'prefix' => 'wpr',
  'licensing_servers' => 
  array (
    0 => 'https://dashboard.wpreset.com/api/',
  ),
  'version' => '2.04',
  'slug' => 'wp-reset',
  'basename' => 'wp-reset/wp-reset.php',
  'plugin_page' => 'tools_page_wp-reset',
  'plugin_file' => 'C:\\xampp\\htdocs\\myPersonalSites\\devGithub\\wp-content\\plugins\\wp-reset\\wp-reset.php',
  'js_folder' => 'http://localhost/myPersonalSites/devGithub/wp-content/plugins/wp-reset//js/',
  'api_ver' => 'v1/',
  'valid_forever' => '2035-01-01',
  'unlimited_installs' => 99999,
  'debug' => true,
  'filesystem_initialized' => false,
)

[Sun, 27 Apr 2025 11:41:22 +0000] wpr: __construct
array (
  'prefix' => 'wpr',
  'licensing_servers' => 
  array (
    0 => 'https://dashboard.wpreset.com/api/',
  ),
  'version' => '2.04',
  'plugin_file' => 'C:\\xampp\\htdocs\\myPersonalSites\\devGithub\\wp-content\\plugins\\wp-reset\\wp-reset.php',
  'plugin_page' => 'tools_page_wp-reset',
  'skip_hooks' => false,
  'debug' => true,
  'js_folder' => 'http://localhost/myPersonalSites/devGithub/wp-content/plugins/wp-reset//js/',
)
array (
  'prefix' => 'wpr',
  'licensing_servers' => 
  array (
    0 => 'https://dashboard.wpreset.com/api/',
  ),
  'version' => '2.04',
  'slug' => 'wp-reset',
  'basename' => 'wp-reset/wp-reset.php',
  'plugin_page' => 'tools_page_wp-reset',
  'plugin_file' => 'C:\\xampp\\htdocs\\myPersonalSites\\devGithub\\wp-content\\plugins\\wp-reset\\wp-reset.php',
  'js_folder' => 'http://localhost/myPersonalSites/devGithub/wp-content/plugins/wp-reset//js/',
  'api_ver' => 'v1/',
  'valid_forever' => '2035-01-01',
  'unlimited_installs' => 99999,
  'debug' => true,
  'filesystem_initialized' => false,
)

[Sun, 27 Apr 2025 11:41:25 +0000] wpr: __construct
array (
  'prefix' => 'wpr',
  'licensing_servers' => 
  array (
    0 => 'https://dashboard.wpreset.com/api/',
  ),
  'version' => '2.04',
  'plugin_file' => 'C:\\xampp\\htdocs\\myPersonalSites\\devGithub\\wp-content\\plugins\\wp-reset\\wp-reset.php',
  'plugin_page' => 'tools_page_wp-reset',
  'skip_hooks' => false,
  'debug' => true,
  'js_folder' => 'http://localhost/myPersonalSites/devGithub/wp-content/plugins/wp-reset//js/',
)
array (
  'prefix' => 'wpr',
  'licensing_servers' => 
  array (
    0 => 'https://dashboard.wpreset.com/api/',
  ),
  'version' => '2.04',
  'slug' => 'wp-reset',
  'basename' => 'wp-reset/wp-reset.php',
  'plugin_page' => 'tools_page_wp-reset',
  'plugin_file' => 'C:\\xampp\\htdocs\\myPersonalSites\\devGithub\\wp-content\\plugins\\wp-reset\\wp-reset.php',
  'js_folder' => 'http://localhost/myPersonalSites/devGithub/wp-content/plugins/wp-reset//js/',
  'api_ver' => 'v1/',
  'valid_forever' => '2035-01-01',
  'unlimited_installs' => 99999,
  'debug' => true,
  'filesystem_initialized' => false,
)

[Sun, 27 Apr 2025 11:41:25 +0000] wpr: __construct
array (
  'prefix' => 'wpr',
  'licensing_servers' => 
  array (
    0 => 'https://dashboard.wpreset.com/api/',
  ),
  'version' => '2.04',
  'plugin_file' => 'C:\\xampp\\htdocs\\myPersonalSites\\devGithub\\wp-content\\plugins\\wp-reset\\wp-reset.php',
  'plugin_page' => 'tools_page_wp-reset',
  'skip_hooks' => false,
  'debug' => true,
  'js_folder' => 'http://localhost/myPersonalSites/devGithub/wp-content/plugins/wp-reset//js/',
)
array (
  'prefix' => 'wpr',
  'licensing_servers' => 
  array (
    0 => 'https://dashboard.wpreset.com/api/',
  ),
  'version' => '2.04',
  'slug' => 'wp-reset',
  'basename' => 'wp-reset/wp-reset.php',
  'plugin_page' => 'tools_page_wp-reset',
  'plugin_file' => 'C:\\xampp\\htdocs\\myPersonalSites\\devGithub\\wp-content\\plugins\\wp-reset\\wp-reset.php',
  'js_folder' => 'http://localhost/myPersonalSites/devGithub/wp-content/plugins/wp-reset//js/',
  'api_ver' => 'v1/',
  'valid_forever' => '2035-01-01',
  'unlimited_installs' => 99999,
  'debug' => true,
  'filesystem_initialized' => false,
)

[Sun, 27 Apr 2025 11:41:34 +0000] wpr: __construct
array (
  'prefix' => 'wpr',
  'licensing_servers' => 
  array (
    0 => 'https://dashboard.wpreset.com/api/',
  ),
  'version' => '2.04',
  'plugin_file' => 'C:\\xampp\\htdocs\\myPersonalSites\\devGithub\\wp-content\\plugins\\wp-reset\\wp-reset.php',
  'plugin_page' => 'tools_page_wp-reset',
  'skip_hooks' => false,
  'debug' => true,
  'js_folder' => 'http://localhost/myPersonalSites/devGithub/wp-content/plugins/wp-reset//js/',
)
array (
  'prefix' => 'wpr',
  'licensing_servers' => 
  array (
    0 => 'https://dashboard.wpreset.com/api/',
  ),
  'version' => '2.04',
  'slug' => 'wp-reset',
  'basename' => 'wp-reset/wp-reset.php',
  'plugin_page' => 'tools_page_wp-reset',
  'plugin_file' => 'C:\\xampp\\htdocs\\myPersonalSites\\devGithub\\wp-content\\plugins\\wp-reset\\wp-reset.php',
  'js_folder' => 'http://localhost/myPersonalSites/devGithub/wp-content/plugins/wp-reset//js/',
  'api_ver' => 'v1/',
  'valid_forever' => '2035-01-01',
  'unlimited_installs' => 99999,
  'debug' => true,
  'filesystem_initialized' => false,
)

[Sun, 27 Apr 2025 11:41:37 +0000] wpr: __construct
array (
  'prefix' => 'wpr',
  'licensing_servers' => 
  array (
    0 => 'https://dashboard.wpreset.com/api/',
  ),
  'version' => '2.04',
  'plugin_file' => 'C:\\xampp\\htdocs\\myPersonalSites\\devGithub\\wp-content\\plugins\\wp-reset\\wp-reset.php',
  'plugin_page' => 'tools_page_wp-reset',
  'skip_hooks' => false,
  'debug' => true,
  'js_folder' => 'http://localhost/myPersonalSites/devGithub/wp-content/plugins/wp-reset//js/',
)
array (
  'prefix' => 'wpr',
  'licensing_servers' => 
  array (
    0 => 'https://dashboard.wpreset.com/api/',
  ),
  'version' => '2.04',
  'slug' => 'wp-reset',
  'basename' => 'wp-reset/wp-reset.php',
  'plugin_page' => 'tools_page_wp-reset',
  'plugin_file' => 'C:\\xampp\\htdocs\\myPersonalSites\\devGithub\\wp-content\\plugins\\wp-reset\\wp-reset.php',
  'js_folder' => 'http://localhost/myPersonalSites/devGithub/wp-content/plugins/wp-reset//js/',
  'api_ver' => 'v1/',
  'valid_forever' => '2035-01-01',
  'unlimited_installs' => 99999,
  'debug' => true,
  'filesystem_initialized' => false,
)

[Sun, 27 Apr 2025 11:41:53 +0000] wpr: __construct
array (
  'prefix' => 'wpr',
  'licensing_servers' => 
  array (
    0 => 'https://dashboard.wpreset.com/api/',
  ),
  'version' => '2.04',
  'plugin_file' => 'C:\\xampp\\htdocs\\myPersonalSites\\devGithub\\wp-content\\plugins\\wp-reset\\wp-reset.php',
  'plugin_page' => 'tools_page_wp-reset',
  'skip_hooks' => false,
  'debug' => true,
  'js_folder' => 'http://localhost/myPersonalSites/devGithub/wp-content/plugins/wp-reset//js/',
)
array (
  'prefix' => 'wpr',
  'licensing_servers' => 
  array (
    0 => 'https://dashboard.wpreset.com/api/',
  ),
  'version' => '2.04',
  'slug' => 'wp-reset',
  'basename' => 'wp-reset/wp-reset.php',
  'plugin_page' => 'tools_page_wp-reset',
  'plugin_file' => 'C:\\xampp\\htdocs\\myPersonalSites\\devGithub\\wp-content\\plugins\\wp-reset\\wp-reset.php',
  'js_folder' => 'http://localhost/myPersonalSites/devGithub/wp-content/plugins/wp-reset//js/',
  'api_ver' => 'v1/',
  'valid_forever' => '2035-01-01',
  'unlimited_installs' => 99999,
  'debug' => true,
  'filesystem_initialized' => false,
)

[Sun, 27 Apr 2025 11:42:02 +0000] wpr: __construct
array (
  'prefix' => 'wpr',
  'licensing_servers' => 
  array (
    0 => 'https://dashboard.wpreset.com/api/',
  ),
  'version' => '2.04',
  'plugin_file' => 'C:\\xampp\\htdocs\\myPersonalSites\\devGithub\\wp-content\\plugins\\wp-reset\\wp-reset.php',
  'plugin_page' => 'tools_page_wp-reset',
  'skip_hooks' => false,
  'debug' => true,
  'js_folder' => 'http://localhost/myPersonalSites/devGithub/wp-content/plugins/wp-reset//js/',
)
array (
  'prefix' => 'wpr',
  'licensing_servers' => 
  array (
    0 => 'https://dashboard.wpreset.com/api/',
  ),
  'version' => '2.04',
  'slug' => 'wp-reset',
  'basename' => 'wp-reset/wp-reset.php',
  'plugin_page' => 'tools_page_wp-reset',
  'plugin_file' => 'C:\\xampp\\htdocs\\myPersonalSites\\devGithub\\wp-content\\plugins\\wp-reset\\wp-reset.php',
  'js_folder' => 'http://localhost/myPersonalSites/devGithub/wp-content/plugins/wp-reset//js/',
  'api_ver' => 'v1/',
  'valid_forever' => '2035-01-01',
  'unlimited_installs' => 99999,
  'debug' => true,
  'filesystem_initialized' => false,
)

[Sun, 27 Apr 2025 11:42:08 +0000] wpr: __construct
array (
  'prefix' => 'wpr',
  'licensing_servers' => 
  array (
    0 => 'https://dashboard.wpreset.com/api/',
  ),
  'version' => '2.04',
  'plugin_file' => 'C:\\xampp\\htdocs\\myPersonalSites\\devGithub\\wp-content\\plugins\\wp-reset\\wp-reset.php',
  'plugin_page' => 'tools_page_wp-reset',
  'skip_hooks' => false,
  'debug' => true,
  'js_folder' => 'http://localhost/myPersonalSites/devGithub/wp-content/plugins/wp-reset//js/',
)
array (
  'prefix' => 'wpr',
  'licensing_servers' => 
  array (
    0 => 'https://dashboard.wpreset.com/api/',
  ),
  'version' => '2.04',
  'slug' => 'wp-reset',
  'basename' => 'wp-reset/wp-reset.php',
  'plugin_page' => 'tools_page_wp-reset',
  'plugin_file' => 'C:\\xampp\\htdocs\\myPersonalSites\\devGithub\\wp-content\\plugins\\wp-reset\\wp-reset.php',
  'js_folder' => 'http://localhost/myPersonalSites/devGithub/wp-content/plugins/wp-reset//js/',
  'api_ver' => 'v1/',
  'valid_forever' => '2035-01-01',
  'unlimited_installs' => 99999,
  'debug' => true,
  'filesystem_initialized' => false,
)

[Sun, 27 Apr 2025 11:42:21 +0000] wpr: __construct
array (
  'prefix' => 'wpr',
  'licensing_servers' => 
  array (
    0 => 'https://dashboard.wpreset.com/api/',
  ),
  'version' => '2.04',
  'plugin_file' => 'C:\\xampp\\htdocs\\myPersonalSites\\devGithub\\wp-content\\plugins\\wp-reset\\wp-reset.php',
  'plugin_page' => 'tools_page_wp-reset',
  'skip_hooks' => false,
  'debug' => true,
  'js_folder' => 'http://localhost/myPersonalSites/devGithub/wp-content/plugins/wp-reset//js/',
)
array (
  'prefix' => 'wpr',
  'licensing_servers' => 
  array (
    0 => 'https://dashboard.wpreset.com/api/',
  ),
  'version' => '2.04',
  'slug' => 'wp-reset',
  'basename' => 'wp-reset/wp-reset.php',
  'plugin_page' => 'tools_page_wp-reset',
  'plugin_file' => 'C:\\xampp\\htdocs\\myPersonalSites\\devGithub\\wp-content\\plugins\\wp-reset\\wp-reset.php',
  'js_folder' => 'http://localhost/myPersonalSites/devGithub/wp-content/plugins/wp-reset//js/',
  'api_ver' => 'v1/',
  'valid_forever' => '2035-01-01',
  'unlimited_installs' => 99999,
  'debug' => true,
  'filesystem_initialized' => false,
)

[Sun, 27 Apr 2025 11:42:25 +0000] wpr: __construct
array (
  'prefix' => 'wpr',
  'licensing_servers' => 
  array (
    0 => 'https://dashboard.wpreset.com/api/',
  ),
  'version' => '2.04',
  'plugin_file' => 'C:\\xampp\\htdocs\\myPersonalSites\\devGithub\\wp-content\\plugins\\wp-reset\\wp-reset.php',
  'plugin_page' => 'tools_page_wp-reset',
  'skip_hooks' => false,
  'debug' => true,
  'js_folder' => 'http://localhost/myPersonalSites/devGithub/wp-content/plugins/wp-reset//js/',
)
array (
  'prefix' => 'wpr',
  'licensing_servers' => 
  array (
    0 => 'https://dashboard.wpreset.com/api/',
  ),
  'version' => '2.04',
  'slug' => 'wp-reset',
  'basename' => 'wp-reset/wp-reset.php',
  'plugin_page' => 'tools_page_wp-reset',
  'plugin_file' => 'C:\\xampp\\htdocs\\myPersonalSites\\devGithub\\wp-content\\plugins\\wp-reset\\wp-reset.php',
  'js_folder' => 'http://localhost/myPersonalSites/devGithub/wp-content/plugins/wp-reset//js/',
  'api_ver' => 'v1/',
  'valid_forever' => '2035-01-01',
  'unlimited_installs' => 99999,
  'debug' => true,
  'filesystem_initialized' => false,
)

[Sun, 27 Apr 2025 11:42:52 +0000] wpr: __construct
array (
  'prefix' => 'wpr',
  'licensing_servers' => 
  array (
    0 => 'https://dashboard.wpreset.com/api/',
  ),
  'version' => '2.04',
  'plugin_file' => 'C:\\xampp\\htdocs\\myPersonalSites\\devGithub\\wp-content\\plugins\\wp-reset\\wp-reset.php',
  'plugin_page' => 'tools_page_wp-reset',
  'skip_hooks' => false,
  'debug' => true,
  'js_folder' => 'http://localhost/myPersonalSites/devGithub/wp-content/plugins/wp-reset//js/',
)
array (
  'prefix' => 'wpr',
  'licensing_servers' => 
  array (
    0 => 'https://dashboard.wpreset.com/api/',
  ),
  'version' => '2.04',
  'slug' => 'wp-reset',
  'basename' => 'wp-reset/wp-reset.php',
  'plugin_page' => 'tools_page_wp-reset',
  'plugin_file' => 'C:\\xampp\\htdocs\\myPersonalSites\\devGithub\\wp-content\\plugins\\wp-reset\\wp-reset.php',
  'js_folder' => 'http://localhost/myPersonalSites/devGithub/wp-content/plugins/wp-reset//js/',
  'api_ver' => 'v1/',
  'valid_forever' => '2035-01-01',
  'unlimited_installs' => 99999,
  'debug' => true,
  'filesystem_initialized' => false,
)

[Sun, 27 Apr 2025 11:42:56 +0000] wpr: __construct
array (
  'prefix' => 'wpr',
  'licensing_servers' => 
  array (
    0 => 'https://dashboard.wpreset.com/api/',
  ),
  'version' => '2.04',
  'plugin_file' => 'C:\\xampp\\htdocs\\myPersonalSites\\devGithub\\wp-content\\plugins\\wp-reset\\wp-reset.php',
  'plugin_page' => 'tools_page_wp-reset',
  'skip_hooks' => false,
  'debug' => true,
  'js_folder' => 'http://localhost/myPersonalSites/devGithub/wp-content/plugins/wp-reset//js/',
)
array (
  'prefix' => 'wpr',
  'licensing_servers' => 
  array (
    0 => 'https://dashboard.wpreset.com/api/',
  ),
  'version' => '2.04',
  'slug' => 'wp-reset',
  'basename' => 'wp-reset/wp-reset.php',
  'plugin_page' => 'tools_page_wp-reset',
  'plugin_file' => 'C:\\xampp\\htdocs\\myPersonalSites\\devGithub\\wp-content\\plugins\\wp-reset\\wp-reset.php',
  'js_folder' => 'http://localhost/myPersonalSites/devGithub/wp-content/plugins/wp-reset//js/',
  'api_ver' => 'v1/',
  'valid_forever' => '2035-01-01',
  'unlimited_installs' => 99999,
  'debug' => true,
  'filesystem_initialized' => false,
)

[Sun, 27 Apr 2025 11:43:05 +0000] wpr: __construct
array (
  'prefix' => 'wpr',
  'licensing_servers' => 
  array (
    0 => 'https://dashboard.wpreset.com/api/',
  ),
  'version' => '2.04',
  'plugin_file' => 'C:\\xampp\\htdocs\\myPersonalSites\\devGithub\\wp-content\\plugins\\wp-reset\\wp-reset.php',
  'plugin_page' => 'tools_page_wp-reset',
  'skip_hooks' => false,
  'debug' => true,
  'js_folder' => 'http://localhost/myPersonalSites/devGithub/wp-content/plugins/wp-reset//js/',
)
array (
  'prefix' => 'wpr',
  'licensing_servers' => 
  array (
    0 => 'https://dashboard.wpreset.com/api/',
  ),
  'version' => '2.04',
  'slug' => 'wp-reset',
  'basename' => 'wp-reset/wp-reset.php',
  'plugin_page' => 'tools_page_wp-reset',
  'plugin_file' => 'C:\\xampp\\htdocs\\myPersonalSites\\devGithub\\wp-content\\plugins\\wp-reset\\wp-reset.php',
  'js_folder' => 'http://localhost/myPersonalSites/devGithub/wp-content/plugins/wp-reset//js/',
  'api_ver' => 'v1/',
  'valid_forever' => '2035-01-01',
  'unlimited_installs' => 99999,
  'debug' => true,
  'filesystem_initialized' => false,
)

[Sun, 27 Apr 2025 11:43:07 +0000] wpr: __construct
array (
  'prefix' => 'wpr',
  'licensing_servers' => 
  array (
    0 => 'https://dashboard.wpreset.com/api/',
  ),
  'version' => '2.04',
  'plugin_file' => 'C:\\xampp\\htdocs\\myPersonalSites\\devGithub\\wp-content\\plugins\\wp-reset\\wp-reset.php',
  'plugin_page' => 'tools_page_wp-reset',
  'skip_hooks' => false,
  'debug' => true,
  'js_folder' => 'http://localhost/myPersonalSites/devGithub/wp-content/plugins/wp-reset//js/',
)
array (
  'prefix' => 'wpr',
  'licensing_servers' => 
  array (
    0 => 'https://dashboard.wpreset.com/api/',
  ),
  'version' => '2.04',
  'slug' => 'wp-reset',
  'basename' => 'wp-reset/wp-reset.php',
  'plugin_page' => 'tools_page_wp-reset',
  'plugin_file' => 'C:\\xampp\\htdocs\\myPersonalSites\\devGithub\\wp-content\\plugins\\wp-reset\\wp-reset.php',
  'js_folder' => 'http://localhost/myPersonalSites/devGithub/wp-content/plugins/wp-reset//js/',
  'api_ver' => 'v1/',
  'valid_forever' => '2035-01-01',
  'unlimited_installs' => 99999,
  'debug' => true,
  'filesystem_initialized' => false,
)

[Sun, 27 Apr 2025 11:43:25 +0000] wpr: __construct
array (
  'prefix' => 'wpr',
  'licensing_servers' => 
  array (
    0 => 'https://dashboard.wpreset.com/api/',
  ),
  'version' => '2.04',
  'plugin_file' => 'C:\\xampp\\htdocs\\myPersonalSites\\devGithub\\wp-content\\plugins\\wp-reset\\wp-reset.php',
  'plugin_page' => 'tools_page_wp-reset',
  'skip_hooks' => false,
  'debug' => true,
  'js_folder' => 'http://localhost/myPersonalSites/devGithub/wp-content/plugins/wp-reset//js/',
)
array (
  'prefix' => 'wpr',
  'licensing_servers' => 
  array (
    0 => 'https://dashboard.wpreset.com/api/',
  ),
  'version' => '2.04',
  'slug' => 'wp-reset',
  'basename' => 'wp-reset/wp-reset.php',
  'plugin_page' => 'tools_page_wp-reset',
  'plugin_file' => 'C:\\xampp\\htdocs\\myPersonalSites\\devGithub\\wp-content\\plugins\\wp-reset\\wp-reset.php',
  'js_folder' => 'http://localhost/myPersonalSites/devGithub/wp-content/plugins/wp-reset//js/',
  'api_ver' => 'v1/',
  'valid_forever' => '2035-01-01',
  'unlimited_installs' => 99999,
  'debug' => true,
  'filesystem_initialized' => false,
)

[Sun, 27 Apr 2025 11:43:29 +0000] wpr: __construct
array (
  'prefix' => 'wpr',
  'licensing_servers' => 
  array (
    0 => 'https://dashboard.wpreset.com/api/',
  ),
  'version' => '2.04',
  'plugin_file' => 'C:\\xampp\\htdocs\\myPersonalSites\\devGithub\\wp-content\\plugins\\wp-reset\\wp-reset.php',
  'plugin_page' => 'tools_page_wp-reset',
  'skip_hooks' => false,
  'debug' => true,
  'js_folder' => 'http://localhost/myPersonalSites/devGithub/wp-content/plugins/wp-reset//js/',
)
array (
  'prefix' => 'wpr',
  'licensing_servers' => 
  array (
    0 => 'https://dashboard.wpreset.com/api/',
  ),
  'version' => '2.04',
  'slug' => 'wp-reset',
  'basename' => 'wp-reset/wp-reset.php',
  'plugin_page' => 'tools_page_wp-reset',
  'plugin_file' => 'C:\\xampp\\htdocs\\myPersonalSites\\devGithub\\wp-content\\plugins\\wp-reset\\wp-reset.php',
  'js_folder' => 'http://localhost/myPersonalSites/devGithub/wp-content/plugins/wp-reset//js/',
  'api_ver' => 'v1/',
  'valid_forever' => '2035-01-01',
  'unlimited_installs' => 99999,
  'debug' => true,
  'filesystem_initialized' => false,
)

[Sun, 27 Apr 2025 11:43:29 +0000] wpr: __construct
array (
  'prefix' => 'wpr',
  'licensing_servers' => 
  array (
    0 => 'https://dashboard.wpreset.com/api/',
  ),
  'version' => '2.04',
  'plugin_file' => 'C:\\xampp\\htdocs\\myPersonalSites\\devGithub\\wp-content\\plugins\\wp-reset\\wp-reset.php',
  'plugin_page' => 'tools_page_wp-reset',
  'skip_hooks' => false,
  'debug' => true,
  'js_folder' => 'http://localhost/myPersonalSites/devGithub/wp-content/plugins/wp-reset//js/',
)
array (
  'prefix' => 'wpr',
  'licensing_servers' => 
  array (
    0 => 'https://dashboard.wpreset.com/api/',
  ),
  'version' => '2.04',
  'slug' => 'wp-reset',
  'basename' => 'wp-reset/wp-reset.php',
  'plugin_page' => 'tools_page_wp-reset',
  'plugin_file' => 'C:\\xampp\\htdocs\\myPersonalSites\\devGithub\\wp-content\\plugins\\wp-reset\\wp-reset.php',
  'js_folder' => 'http://localhost/myPersonalSites/devGithub/wp-content/plugins/wp-reset//js/',
  'api_ver' => 'v1/',
  'valid_forever' => '2035-01-01',
  'unlimited_installs' => 99999,
  'debug' => true,
  'filesystem_initialized' => false,
)

[Sun, 27 Apr 2025 11:43:30 +0000] wpr: __construct
array (
  'prefix' => 'wpr',
  'licensing_servers' => 
  array (
    0 => 'https://dashboard.wpreset.com/api/',
  ),
  'version' => '2.04',
  'plugin_file' => 'C:\\xampp\\htdocs\\myPersonalSites\\devGithub\\wp-content\\plugins\\wp-reset\\wp-reset.php',
  'plugin_page' => 'tools_page_wp-reset',
  'skip_hooks' => false,
  'debug' => true,
  'js_folder' => 'http://localhost/myPersonalSites/devGithub/wp-content/plugins/wp-reset//js/',
)
array (
  'prefix' => 'wpr',
  'licensing_servers' => 
  array (
    0 => 'https://dashboard.wpreset.com/api/',
  ),
  'version' => '2.04',
  'slug' => 'wp-reset',
  'basename' => 'wp-reset/wp-reset.php',
  'plugin_page' => 'tools_page_wp-reset',
  'plugin_file' => 'C:\\xampp\\htdocs\\myPersonalSites\\devGithub\\wp-content\\plugins\\wp-reset\\wp-reset.php',
  'js_folder' => 'http://localhost/myPersonalSites/devGithub/wp-content/plugins/wp-reset//js/',
  'api_ver' => 'v1/',
  'valid_forever' => '2035-01-01',
  'unlimited_installs' => 99999,
  'debug' => true,
  'filesystem_initialized' => false,
)

[Sun, 27 Apr 2025 11:43:51 +0000] wpr: __construct
array (
  'prefix' => 'wpr',
  'licensing_servers' => 
  array (
    0 => 'https://dashboard.wpreset.com/api/',
  ),
  'version' => '2.04',
  'plugin_file' => 'C:\\xampp\\htdocs\\myPersonalSites\\devGithub\\wp-content\\plugins\\wp-reset\\wp-reset.php',
  'plugin_page' => 'tools_page_wp-reset',
  'skip_hooks' => false,
  'debug' => true,
  'js_folder' => 'http://localhost/myPersonalSites/devGithub/wp-content/plugins/wp-reset//js/',
)
array (
  'prefix' => 'wpr',
  'licensing_servers' => 
  array (
    0 => 'https://dashboard.wpreset.com/api/',
  ),
  'version' => '2.04',
  'slug' => 'wp-reset',
  'basename' => 'wp-reset/wp-reset.php',
  'plugin_page' => 'tools_page_wp-reset',
  'plugin_file' => 'C:\\xampp\\htdocs\\myPersonalSites\\devGithub\\wp-content\\plugins\\wp-reset\\wp-reset.php',
  'js_folder' => 'http://localhost/myPersonalSites/devGithub/wp-content/plugins/wp-reset//js/',
  'api_ver' => 'v1/',
  'valid_forever' => '2035-01-01',
  'unlimited_installs' => 99999,
  'debug' => true,
  'filesystem_initialized' => false,
)

[Sun, 27 Apr 2025 11:43:57 +0000] wpr: __construct
array (
  'prefix' => 'wpr',
  'licensing_servers' => 
  array (
    0 => 'https://dashboard.wpreset.com/api/',
  ),
  'version' => '2.04',
  'plugin_file' => 'C:\\xampp\\htdocs\\myPersonalSites\\devGithub\\wp-content\\plugins\\wp-reset\\wp-reset.php',
  'plugin_page' => 'tools_page_wp-reset',
  'skip_hooks' => false,
  'debug' => true,
  'js_folder' => 'http://localhost/myPersonalSites/devGithub/wp-content/plugins/wp-reset//js/',
)
array (
  'prefix' => 'wpr',
  'licensing_servers' => 
  array (
    0 => 'https://dashboard.wpreset.com/api/',
  ),
  'version' => '2.04',
  'slug' => 'wp-reset',
  'basename' => 'wp-reset/wp-reset.php',
  'plugin_page' => 'tools_page_wp-reset',
  'plugin_file' => 'C:\\xampp\\htdocs\\myPersonalSites\\devGithub\\wp-content\\plugins\\wp-reset\\wp-reset.php',
  'js_folder' => 'http://localhost/myPersonalSites/devGithub/wp-content/plugins/wp-reset//js/',
  'api_ver' => 'v1/',
  'valid_forever' => '2035-01-01',
  'unlimited_installs' => 99999,
  'debug' => true,
  'filesystem_initialized' => false,
)

[Sun, 27 Apr 2025 11:43:59 +0000] wpr: __construct
array (
  'prefix' => 'wpr',
  'licensing_servers' => 
  array (
    0 => 'https://dashboard.wpreset.com/api/',
  ),
  'version' => '2.04',
  'plugin_file' => 'C:\\xampp\\htdocs\\myPersonalSites\\devGithub\\wp-content\\plugins\\wp-reset\\wp-reset.php',
  'plugin_page' => 'tools_page_wp-reset',
  'skip_hooks' => false,
  'debug' => true,
  'js_folder' => 'http://localhost/myPersonalSites/devGithub/wp-content/plugins/wp-reset//js/',
)
array (
  'prefix' => 'wpr',
  'licensing_servers' => 
  array (
    0 => 'https://dashboard.wpreset.com/api/',
  ),
  'version' => '2.04',
  'slug' => 'wp-reset',
  'basename' => 'wp-reset/wp-reset.php',
  'plugin_page' => 'tools_page_wp-reset',
  'plugin_file' => 'C:\\xampp\\htdocs\\myPersonalSites\\devGithub\\wp-content\\plugins\\wp-reset\\wp-reset.php',
  'js_folder' => 'http://localhost/myPersonalSites/devGithub/wp-content/plugins/wp-reset//js/',
  'api_ver' => 'v1/',
  'valid_forever' => '2035-01-01',
  'unlimited_installs' => 99999,
  'debug' => true,
  'filesystem_initialized' => false,
)

[Sun, 27 Apr 2025 11:44:07 +0000] wpr: __construct
array (
  'prefix' => 'wpr',
  'licensing_servers' => 
  array (
    0 => 'https://dashboard.wpreset.com/api/',
  ),
  'version' => '2.04',
  'plugin_file' => 'C:\\xampp\\htdocs\\myPersonalSites\\devGithub\\wp-content\\plugins\\wp-reset\\wp-reset.php',
  'plugin_page' => 'tools_page_wp-reset',
  'skip_hooks' => false,
  'debug' => true,
  'js_folder' => 'http://localhost/myPersonalSites/devGithub/wp-content/plugins/wp-reset//js/',
)
array (
  'prefix' => 'wpr',
  'licensing_servers' => 
  array (
    0 => 'https://dashboard.wpreset.com/api/',
  ),
  'version' => '2.04',
  'slug' => 'wp-reset',
  'basename' => 'wp-reset/wp-reset.php',
  'plugin_page' => 'tools_page_wp-reset',
  'plugin_file' => 'C:\\xampp\\htdocs\\myPersonalSites\\devGithub\\wp-content\\plugins\\wp-reset\\wp-reset.php',
  'js_folder' => 'http://localhost/myPersonalSites/devGithub/wp-content/plugins/wp-reset//js/',
  'api_ver' => 'v1/',
  'valid_forever' => '2035-01-01',
  'unlimited_installs' => 99999,
  'debug' => true,
  'filesystem_initialized' => false,
)

[Sun, 27 Apr 2025 11:44:21 +0000] wpr: __construct
array (
  'prefix' => 'wpr',
  'licensing_servers' => 
  array (
    0 => 'https://dashboard.wpreset.com/api/',
  ),
  'version' => '2.04',
  'plugin_file' => 'C:\\xampp\\htdocs\\myPersonalSites\\devGithub\\wp-content\\plugins\\wp-reset\\wp-reset.php',
  'plugin_page' => 'tools_page_wp-reset',
  'skip_hooks' => false,
  'debug' => true,
  'js_folder' => 'http://localhost/myPersonalSites/devGithub/wp-content/plugins/wp-reset//js/',
)
array (
  'prefix' => 'wpr',
  'licensing_servers' => 
  array (
    0 => 'https://dashboard.wpreset.com/api/',
  ),
  'version' => '2.04',
  'slug' => 'wp-reset',
  'basename' => 'wp-reset/wp-reset.php',
  'plugin_page' => 'tools_page_wp-reset',
  'plugin_file' => 'C:\\xampp\\htdocs\\myPersonalSites\\devGithub\\wp-content\\plugins\\wp-reset\\wp-reset.php',
  'js_folder' => 'http://localhost/myPersonalSites/devGithub/wp-content/plugins/wp-reset//js/',
  'api_ver' => 'v1/',
  'valid_forever' => '2035-01-01',
  'unlimited_installs' => 99999,
  'debug' => true,
  'filesystem_initialized' => false,
)

[Sun, 27 Apr 2025 11:44:23 +0000] wpr: __construct
array (
  'prefix' => 'wpr',
  'licensing_servers' => 
  array (
    0 => 'https://dashboard.wpreset.com/api/',
  ),
  'version' => '2.04',
  'plugin_file' => 'C:\\xampp\\htdocs\\myPersonalSites\\devGithub\\wp-content\\plugins\\wp-reset\\wp-reset.php',
  'plugin_page' => 'tools_page_wp-reset',
  'skip_hooks' => false,
  'debug' => true,
  'js_folder' => 'http://localhost/myPersonalSites/devGithub/wp-content/plugins/wp-reset//js/',
)
array (
  'prefix' => 'wpr',
  'licensing_servers' => 
  array (
    0 => 'https://dashboard.wpreset.com/api/',
  ),
  'version' => '2.04',
  'slug' => 'wp-reset',
  'basename' => 'wp-reset/wp-reset.php',
  'plugin_page' => 'tools_page_wp-reset',
  'plugin_file' => 'C:\\xampp\\htdocs\\myPersonalSites\\devGithub\\wp-content\\plugins\\wp-reset\\wp-reset.php',
  'js_folder' => 'http://localhost/myPersonalSites/devGithub/wp-content/plugins/wp-reset//js/',
  'api_ver' => 'v1/',
  'valid_forever' => '2035-01-01',
  'unlimited_installs' => 99999,
  'debug' => true,
  'filesystem_initialized' => false,
)

[Sun, 27 Apr 2025 11:44:24 +0000] wpr: __construct
array (
  'prefix' => 'wpr',
  'licensing_servers' => 
  array (
    0 => 'https://dashboard.wpreset.com/api/',
  ),
  'version' => '2.04',
  'plugin_file' => 'C:\\xampp\\htdocs\\myPersonalSites\\devGithub\\wp-content\\plugins\\wp-reset\\wp-reset.php',
  'plugin_page' => 'tools_page_wp-reset',
  'skip_hooks' => false,
  'debug' => true,
  'js_folder' => 'http://localhost/myPersonalSites/devGithub/wp-content/plugins/wp-reset//js/',
)
array (
  'prefix' => 'wpr',
  'licensing_servers' => 
  array (
    0 => 'https://dashboard.wpreset.com/api/',
  ),
  'version' => '2.04',
  'slug' => 'wp-reset',
  'basename' => 'wp-reset/wp-reset.php',
  'plugin_page' => 'tools_page_wp-reset',
  'plugin_file' => 'C:\\xampp\\htdocs\\myPersonalSites\\devGithub\\wp-content\\plugins\\wp-reset\\wp-reset.php',
  'js_folder' => 'http://localhost/myPersonalSites/devGithub/wp-content/plugins/wp-reset//js/',
  'api_ver' => 'v1/',
  'valid_forever' => '2035-01-01',
  'unlimited_installs' => 99999,
  'debug' => true,
  'filesystem_initialized' => false,
)

[Sun, 27 Apr 2025 11:44:30 +0000] wpr: __construct
array (
  'prefix' => 'wpr',
  'licensing_servers' => 
  array (
    0 => 'https://dashboard.wpreset.com/api/',
  ),
  'version' => '2.04',
  'plugin_file' => 'C:\\xampp\\htdocs\\myPersonalSites\\devGithub\\wp-content\\plugins\\wp-reset\\wp-reset.php',
  'plugin_page' => 'tools_page_wp-reset',
  'skip_hooks' => false,
  'debug' => true,
  'js_folder' => 'http://localhost/myPersonalSites/devGithub/wp-content/plugins/wp-reset//js/',
)
array (
  'prefix' => 'wpr',
  'licensing_servers' => 
  array (
    0 => 'https://dashboard.wpreset.com/api/',
  ),
  'version' => '2.04',
  'slug' => 'wp-reset',
  'basename' => 'wp-reset/wp-reset.php',
  'plugin_page' => 'tools_page_wp-reset',
  'plugin_file' => 'C:\\xampp\\htdocs\\myPersonalSites\\devGithub\\wp-content\\plugins\\wp-reset\\wp-reset.php',
  'js_folder' => 'http://localhost/myPersonalSites/devGithub/wp-content/plugins/wp-reset//js/',
  'api_ver' => 'v1/',
  'valid_forever' => '2035-01-01',
  'unlimited_installs' => 99999,
  'debug' => true,
  'filesystem_initialized' => false,
)

[Sun, 27 Apr 2025 11:45:26 +0000] wpr: __construct
array (
  'prefix' => 'wpr',
  'licensing_servers' => 
  array (
    0 => 'https://dashboard.wpreset.com/api/',
  ),
  'version' => '2.04',
  'plugin_file' => 'C:\\xampp\\htdocs\\myPersonalSites\\devGithub\\wp-content\\plugins\\wp-reset\\wp-reset.php',
  'plugin_page' => 'tools_page_wp-reset',
  'skip_hooks' => false,
  'debug' => true,
  'js_folder' => 'http://localhost/myPersonalSites/devGithub/wp-content/plugins/wp-reset//js/',
)
array (
  'prefix' => 'wpr',
  'licensing_servers' => 
  array (
    0 => 'https://dashboard.wpreset.com/api/',
  ),
  'version' => '2.04',
  'slug' => 'wp-reset',
  'basename' => 'wp-reset/wp-reset.php',
  'plugin_page' => 'tools_page_wp-reset',
  'plugin_file' => 'C:\\xampp\\htdocs\\myPersonalSites\\devGithub\\wp-content\\plugins\\wp-reset\\wp-reset.php',
  'js_folder' => 'http://localhost/myPersonalSites/devGithub/wp-content/plugins/wp-reset//js/',
  'api_ver' => 'v1/',
  'valid_forever' => '2035-01-01',
  'unlimited_installs' => 99999,
  'debug' => true,
  'filesystem_initialized' => false,
)

[Sun, 27 Apr 2025 11:45:30 +0000] wpr: __construct
array (
  'prefix' => 'wpr',
  'licensing_servers' => 
  array (
    0 => 'https://dashboard.wpreset.com/api/',
  ),
  'version' => '2.04',
  'plugin_file' => 'C:\\xampp\\htdocs\\myPersonalSites\\devGithub\\wp-content\\plugins\\wp-reset\\wp-reset.php',
  'plugin_page' => 'tools_page_wp-reset',
  'skip_hooks' => false,
  'debug' => true,
  'js_folder' => 'http://localhost/myPersonalSites/devGithub/wp-content/plugins/wp-reset//js/',
)
array (
  'prefix' => 'wpr',
  'licensing_servers' => 
  array (
    0 => 'https://dashboard.wpreset.com/api/',
  ),
  'version' => '2.04',
  'slug' => 'wp-reset',
  'basename' => 'wp-reset/wp-reset.php',
  'plugin_page' => 'tools_page_wp-reset',
  'plugin_file' => 'C:\\xampp\\htdocs\\myPersonalSites\\devGithub\\wp-content\\plugins\\wp-reset\\wp-reset.php',
  'js_folder' => 'http://localhost/myPersonalSites/devGithub/wp-content/plugins/wp-reset//js/',
  'api_ver' => 'v1/',
  'valid_forever' => '2035-01-01',
  'unlimited_installs' => 99999,
  'debug' => true,
  'filesystem_initialized' => false,
)

[Sun, 27 Apr 2025 11:46:07 +0000] wpr: __construct
array (
  'prefix' => 'wpr',
  'licensing_servers' => 
  array (
    0 => 'https://dashboard.wpreset.com/api/',
  ),
  'version' => '2.04',
  'plugin_file' => 'C:\\xampp\\htdocs\\myPersonalSites\\devGithub\\wp-content\\plugins\\wp-reset\\wp-reset.php',
  'plugin_page' => 'tools_page_wp-reset',
  'skip_hooks' => false,
  'debug' => true,
  'js_folder' => 'http://localhost/myPersonalSites/devGithub/wp-content/plugins/wp-reset//js/',
)
array (
  'prefix' => 'wpr',
  'licensing_servers' => 
  array (
    0 => 'https://dashboard.wpreset.com/api/',
  ),
  'version' => '2.04',
  'slug' => 'wp-reset',
  'basename' => 'wp-reset/wp-reset.php',
  'plugin_page' => 'tools_page_wp-reset',
  'plugin_file' => 'C:\\xampp\\htdocs\\myPersonalSites\\devGithub\\wp-content\\plugins\\wp-reset\\wp-reset.php',
  'js_folder' => 'http://localhost/myPersonalSites/devGithub/wp-content/plugins/wp-reset//js/',
  'api_ver' => 'v1/',
  'valid_forever' => '2035-01-01',
  'unlimited_installs' => 99999,
  'debug' => true,
  'filesystem_initialized' => false,
)

[Sun, 27 Apr 2025 11:46:21 +0000] wpr: __construct
array (
  'prefix' => 'wpr',
  'licensing_servers' => 
  array (
    0 => 'https://dashboard.wpreset.com/api/',
  ),
  'version' => '2.04',
  'plugin_file' => 'C:\\xampp\\htdocs\\myPersonalSites\\devGithub\\wp-content\\plugins\\wp-reset\\wp-reset.php',
  'plugin_page' => 'tools_page_wp-reset',
  'skip_hooks' => false,
  'debug' => true,
  'js_folder' => 'http://localhost/myPersonalSites/devGithub/wp-content/plugins/wp-reset//js/',
)
array (
  'prefix' => 'wpr',
  'licensing_servers' => 
  array (
    0 => 'https://dashboard.wpreset.com/api/',
  ),
  'version' => '2.04',
  'slug' => 'wp-reset',
  'basename' => 'wp-reset/wp-reset.php',
  'plugin_page' => 'tools_page_wp-reset',
  'plugin_file' => 'C:\\xampp\\htdocs\\myPersonalSites\\devGithub\\wp-content\\plugins\\wp-reset\\wp-reset.php',
  'js_folder' => 'http://localhost/myPersonalSites/devGithub/wp-content/plugins/wp-reset//js/',
  'api_ver' => 'v1/',
  'valid_forever' => '2035-01-01',
  'unlimited_installs' => 99999,
  'debug' => true,
  'filesystem_initialized' => false,
)

[Sun, 27 Apr 2025 11:46:23 +0000] wpr: __construct
array (
  'prefix' => 'wpr',
  'licensing_servers' => 
  array (
    0 => 'https://dashboard.wpreset.com/api/',
  ),
  'version' => '2.04',
  'plugin_file' => 'C:\\xampp\\htdocs\\myPersonalSites\\devGithub\\wp-content\\plugins\\wp-reset\\wp-reset.php',
  'plugin_page' => 'tools_page_wp-reset',
  'skip_hooks' => false,
  'debug' => true,
  'js_folder' => 'http://localhost/myPersonalSites/devGithub/wp-content/plugins/wp-reset//js/',
)
array (
  'prefix' => 'wpr',
  'licensing_servers' => 
  array (
    0 => 'https://dashboard.wpreset.com/api/',
  ),
  'version' => '2.04',
  'slug' => 'wp-reset',
  'basename' => 'wp-reset/wp-reset.php',
  'plugin_page' => 'tools_page_wp-reset',
  'plugin_file' => 'C:\\xampp\\htdocs\\myPersonalSites\\devGithub\\wp-content\\plugins\\wp-reset\\wp-reset.php',
  'js_folder' => 'http://localhost/myPersonalSites/devGithub/wp-content/plugins/wp-reset//js/',
  'api_ver' => 'v1/',
  'valid_forever' => '2035-01-01',
  'unlimited_installs' => 99999,
  'debug' => true,
  'filesystem_initialized' => false,
)

[Sun, 27 Apr 2025 11:46:25 +0000] wpr: __construct
array (
  'prefix' => 'wpr',
  'licensing_servers' => 
  array (
    0 => 'https://dashboard.wpreset.com/api/',
  ),
  'version' => '2.04',
  'plugin_file' => 'C:\\xampp\\htdocs\\myPersonalSites\\devGithub\\wp-content\\plugins\\wp-reset\\wp-reset.php',
  'plugin_page' => 'tools_page_wp-reset',
  'skip_hooks' => false,
  'debug' => true,
  'js_folder' => 'http://localhost/myPersonalSites/devGithub/wp-content/plugins/wp-reset//js/',
)
array (
  'prefix' => 'wpr',
  'licensing_servers' => 
  array (
    0 => 'https://dashboard.wpreset.com/api/',
  ),
  'version' => '2.04',
  'slug' => 'wp-reset',
  'basename' => 'wp-reset/wp-reset.php',
  'plugin_page' => 'tools_page_wp-reset',
  'plugin_file' => 'C:\\xampp\\htdocs\\myPersonalSites\\devGithub\\wp-content\\plugins\\wp-reset\\wp-reset.php',
  'js_folder' => 'http://localhost/myPersonalSites/devGithub/wp-content/plugins/wp-reset//js/',
  'api_ver' => 'v1/',
  'valid_forever' => '2035-01-01',
  'unlimited_installs' => 99999,
  'debug' => true,
  'filesystem_initialized' => false,
)

[Sun, 27 Apr 2025 11:46:30 +0000] wpr: __construct
array (
  'prefix' => 'wpr',
  'licensing_servers' => 
  array (
    0 => 'https://dashboard.wpreset.com/api/',
  ),
  'version' => '2.04',
  'plugin_file' => 'C:\\xampp\\htdocs\\myPersonalSites\\devGithub\\wp-content\\plugins\\wp-reset\\wp-reset.php',
  'plugin_page' => 'tools_page_wp-reset',
  'skip_hooks' => false,
  'debug' => true,
  'js_folder' => 'http://localhost/myPersonalSites/devGithub/wp-content/plugins/wp-reset//js/',
)
array (
  'prefix' => 'wpr',
  'licensing_servers' => 
  array (
    0 => 'https://dashboard.wpreset.com/api/',
  ),
  'version' => '2.04',
  'slug' => 'wp-reset',
  'basename' => 'wp-reset/wp-reset.php',
  'plugin_page' => 'tools_page_wp-reset',
  'plugin_file' => 'C:\\xampp\\htdocs\\myPersonalSites\\devGithub\\wp-content\\plugins\\wp-reset\\wp-reset.php',
  'js_folder' => 'http://localhost/myPersonalSites/devGithub/wp-content/plugins/wp-reset//js/',
  'api_ver' => 'v1/',
  'valid_forever' => '2035-01-01',
  'unlimited_installs' => 99999,
  'debug' => true,
  'filesystem_initialized' => false,
)

[Sun, 27 Apr 2025 11:47:27 +0000] wpr: __construct
array (
  'prefix' => 'wpr',
  'licensing_servers' => 
  array (
    0 => 'https://dashboard.wpreset.com/api/',
  ),
  'version' => '2.04',
  'plugin_file' => 'C:\\xampp\\htdocs\\myPersonalSites\\devGithub\\wp-content\\plugins\\wp-reset\\wp-reset.php',
  'plugin_page' => 'tools_page_wp-reset',
  'skip_hooks' => false,
  'debug' => true,
  'js_folder' => 'http://localhost/myPersonalSites/devGithub/wp-content/plugins/wp-reset//js/',
)
array (
  'prefix' => 'wpr',
  'licensing_servers' => 
  array (
    0 => 'https://dashboard.wpreset.com/api/',
  ),
  'version' => '2.04',
  'slug' => 'wp-reset',
  'basename' => 'wp-reset/wp-reset.php',
  'plugin_page' => 'tools_page_wp-reset',
  'plugin_file' => 'C:\\xampp\\htdocs\\myPersonalSites\\devGithub\\wp-content\\plugins\\wp-reset\\wp-reset.php',
  'js_folder' => 'http://localhost/myPersonalSites/devGithub/wp-content/plugins/wp-reset//js/',
  'api_ver' => 'v1/',
  'valid_forever' => '2035-01-01',
  'unlimited_installs' => 99999,
  'debug' => true,
  'filesystem_initialized' => false,
)

[Sun, 27 Apr 2025 11:47:31 +0000] wpr: __construct
array (
  'prefix' => 'wpr',
  'licensing_servers' => 
  array (
    0 => 'https://dashboard.wpreset.com/api/',
  ),
  'version' => '2.04',
  'plugin_file' => 'C:\\xampp\\htdocs\\myPersonalSites\\devGithub\\wp-content\\plugins\\wp-reset\\wp-reset.php',
  'plugin_page' => 'tools_page_wp-reset',
  'skip_hooks' => false,
  'debug' => true,
  'js_folder' => 'http://localhost/myPersonalSites/devGithub/wp-content/plugins/wp-reset//js/',
)
array (
  'prefix' => 'wpr',
  'licensing_servers' => 
  array (
    0 => 'https://dashboard.wpreset.com/api/',
  ),
  'version' => '2.04',
  'slug' => 'wp-reset',
  'basename' => 'wp-reset/wp-reset.php',
  'plugin_page' => 'tools_page_wp-reset',
  'plugin_file' => 'C:\\xampp\\htdocs\\myPersonalSites\\devGithub\\wp-content\\plugins\\wp-reset\\wp-reset.php',
  'js_folder' => 'http://localhost/myPersonalSites/devGithub/wp-content/plugins/wp-reset//js/',
  'api_ver' => 'v1/',
  'valid_forever' => '2035-01-01',
  'unlimited_installs' => 99999,
  'debug' => true,
  'filesystem_initialized' => false,
)

[Sun, 27 Apr 2025 11:48:09 +0000] wpr: __construct
array (
  'prefix' => 'wpr',
  'licensing_servers' => 
  array (
    0 => 'https://dashboard.wpreset.com/api/',
  ),
  'version' => '2.04',
  'plugin_file' => 'C:\\xampp\\htdocs\\myPersonalSites\\devGithub\\wp-content\\plugins\\wp-reset\\wp-reset.php',
  'plugin_page' => 'tools_page_wp-reset',
  'skip_hooks' => false,
  'debug' => true,
  'js_folder' => 'http://localhost/myPersonalSites/devGithub/wp-content/plugins/wp-reset//js/',
)
array (
  'prefix' => 'wpr',
  'licensing_servers' => 
  array (
    0 => 'https://dashboard.wpreset.com/api/',
  ),
  'version' => '2.04',
  'slug' => 'wp-reset',
  'basename' => 'wp-reset/wp-reset.php',
  'plugin_page' => 'tools_page_wp-reset',
  'plugin_file' => 'C:\\xampp\\htdocs\\myPersonalSites\\devGithub\\wp-content\\plugins\\wp-reset\\wp-reset.php',
  'js_folder' => 'http://localhost/myPersonalSites/devGithub/wp-content/plugins/wp-reset//js/',
  'api_ver' => 'v1/',
  'valid_forever' => '2035-01-01',
  'unlimited_installs' => 99999,
  'debug' => true,
  'filesystem_initialized' => false,
)

[Sun, 27 Apr 2025 11:48:22 +0000] wpr: __construct
array (
  'prefix' => 'wpr',
  'licensing_servers' => 
  array (
    0 => 'https://dashboard.wpreset.com/api/',
  ),
  'version' => '2.04',
  'plugin_file' => 'C:\\xampp\\htdocs\\myPersonalSites\\devGithub\\wp-content\\plugins\\wp-reset\\wp-reset.php',
  'plugin_page' => 'tools_page_wp-reset',
  'skip_hooks' => false,
  'debug' => true,
  'js_folder' => 'http://localhost/myPersonalSites/devGithub/wp-content/plugins/wp-reset//js/',
)
array (
  'prefix' => 'wpr',
  'licensing_servers' => 
  array (
    0 => 'https://dashboard.wpreset.com/api/',
  ),
  'version' => '2.04',
  'slug' => 'wp-reset',
  'basename' => 'wp-reset/wp-reset.php',
  'plugin_page' => 'tools_page_wp-reset',
  'plugin_file' => 'C:\\xampp\\htdocs\\myPersonalSites\\devGithub\\wp-content\\plugins\\wp-reset\\wp-reset.php',
  'js_folder' => 'http://localhost/myPersonalSites/devGithub/wp-content/plugins/wp-reset//js/',
  'api_ver' => 'v1/',
  'valid_forever' => '2035-01-01',
  'unlimited_installs' => 99999,
  'debug' => true,
  'filesystem_initialized' => false,
)

[Sun, 27 Apr 2025 11:48:24 +0000] wpr: __construct
array (
  'prefix' => 'wpr',
  'licensing_servers' => 
  array (
    0 => 'https://dashboard.wpreset.com/api/',
  ),
  'version' => '2.04',
  'plugin_file' => 'C:\\xampp\\htdocs\\myPersonalSites\\devGithub\\wp-content\\plugins\\wp-reset\\wp-reset.php',
  'plugin_page' => 'tools_page_wp-reset',
  'skip_hooks' => false,
  'debug' => true,
  'js_folder' => 'http://localhost/myPersonalSites/devGithub/wp-content/plugins/wp-reset//js/',
)
array (
  'prefix' => 'wpr',
  'licensing_servers' => 
  array (
    0 => 'https://dashboard.wpreset.com/api/',
  ),
  'version' => '2.04',
  'slug' => 'wp-reset',
  'basename' => 'wp-reset/wp-reset.php',
  'plugin_page' => 'tools_page_wp-reset',
  'plugin_file' => 'C:\\xampp\\htdocs\\myPersonalSites\\devGithub\\wp-content\\plugins\\wp-reset\\wp-reset.php',
  'js_folder' => 'http://localhost/myPersonalSites/devGithub/wp-content/plugins/wp-reset//js/',
  'api_ver' => 'v1/',
  'valid_forever' => '2035-01-01',
  'unlimited_installs' => 99999,
  'debug' => true,
  'filesystem_initialized' => false,
)

[Sun, 27 Apr 2025 11:48:26 +0000] wpr: __construct
array (
  'prefix' => 'wpr',
  'licensing_servers' => 
  array (
    0 => 'https://dashboard.wpreset.com/api/',
  ),
  'version' => '2.04',
  'plugin_file' => 'C:\\xampp\\htdocs\\myPersonalSites\\devGithub\\wp-content\\plugins\\wp-reset\\wp-reset.php',
  'plugin_page' => 'tools_page_wp-reset',
  'skip_hooks' => false,
  'debug' => true,
  'js_folder' => 'http://localhost/myPersonalSites/devGithub/wp-content/plugins/wp-reset//js/',
)
array (
  'prefix' => 'wpr',
  'licensing_servers' => 
  array (
    0 => 'https://dashboard.wpreset.com/api/',
  ),
  'version' => '2.04',
  'slug' => 'wp-reset',
  'basename' => 'wp-reset/wp-reset.php',
  'plugin_page' => 'tools_page_wp-reset',
  'plugin_file' => 'C:\\xampp\\htdocs\\myPersonalSites\\devGithub\\wp-content\\plugins\\wp-reset\\wp-reset.php',
  'js_folder' => 'http://localhost/myPersonalSites/devGithub/wp-content/plugins/wp-reset//js/',
  'api_ver' => 'v1/',
  'valid_forever' => '2035-01-01',
  'unlimited_installs' => 99999,
  'debug' => true,
  'filesystem_initialized' => false,
)

[Sun, 27 Apr 2025 11:48:31 +0000] wpr: __construct
array (
  'prefix' => 'wpr',
  'licensing_servers' => 
  array (
    0 => 'https://dashboard.wpreset.com/api/',
  ),
  'version' => '2.04',
  'plugin_file' => 'C:\\xampp\\htdocs\\myPersonalSites\\devGithub\\wp-content\\plugins\\wp-reset\\wp-reset.php',
  'plugin_page' => 'tools_page_wp-reset',
  'skip_hooks' => false,
  'debug' => true,
  'js_folder' => 'http://localhost/myPersonalSites/devGithub/wp-content/plugins/wp-reset//js/',
)
array (
  'prefix' => 'wpr',
  'licensing_servers' => 
  array (
    0 => 'https://dashboard.wpreset.com/api/',
  ),
  'version' => '2.04',
  'slug' => 'wp-reset',
  'basename' => 'wp-reset/wp-reset.php',
  'plugin_page' => 'tools_page_wp-reset',
  'plugin_file' => 'C:\\xampp\\htdocs\\myPersonalSites\\devGithub\\wp-content\\plugins\\wp-reset\\wp-reset.php',
  'js_folder' => 'http://localhost/myPersonalSites/devGithub/wp-content/plugins/wp-reset//js/',
  'api_ver' => 'v1/',
  'valid_forever' => '2035-01-01',
  'unlimited_installs' => 99999,
  'debug' => true,
  'filesystem_initialized' => false,
)

[Sun, 27 Apr 2025 11:49:01 +0000] wpr: __construct
array (
  'prefix' => 'wpr',
  'licensing_servers' => 
  array (
    0 => 'https://dashboard.wpreset.com/api/',
  ),
  'version' => '2.04',
  'plugin_file' => 'C:\\xampp\\htdocs\\myPersonalSites\\devGithub\\wp-content\\plugins\\wp-reset\\wp-reset.php',
  'plugin_page' => 'tools_page_wp-reset',
  'skip_hooks' => false,
  'debug' => true,
  'js_folder' => 'http://localhost/myPersonalSites/devGithub/wp-content/plugins/wp-reset//js/',
)
array (
  'prefix' => 'wpr',
  'licensing_servers' => 
  array (
    0 => 'https://dashboard.wpreset.com/api/',
  ),
  'version' => '2.04',
  'slug' => 'wp-reset',
  'basename' => 'wp-reset/wp-reset.php',
  'plugin_page' => 'tools_page_wp-reset',
  'plugin_file' => 'C:\\xampp\\htdocs\\myPersonalSites\\devGithub\\wp-content\\plugins\\wp-reset\\wp-reset.php',
  'js_folder' => 'http://localhost/myPersonalSites/devGithub/wp-content/plugins/wp-reset//js/',
  'api_ver' => 'v1/',
  'valid_forever' => '2035-01-01',
  'unlimited_installs' => 99999,
  'debug' => true,
  'filesystem_initialized' => false,
)

[Sun, 27 Apr 2025 11:49:07 +0000] wpr: __construct
array (
  'prefix' => 'wpr',
  'licensing_servers' => 
  array (
    0 => 'https://dashboard.wpreset.com/api/',
  ),
  'version' => '2.04',
  'plugin_file' => 'C:\\xampp\\htdocs\\myPersonalSites\\devGithub\\wp-content\\plugins\\wp-reset\\wp-reset.php',
  'plugin_page' => 'tools_page_wp-reset',
  'skip_hooks' => false,
  'debug' => true,
  'js_folder' => 'http://localhost/myPersonalSites/devGithub/wp-content/plugins/wp-reset//js/',
)
array (
  'prefix' => 'wpr',
  'licensing_servers' => 
  array (
    0 => 'https://dashboard.wpreset.com/api/',
  ),
  'version' => '2.04',
  'slug' => 'wp-reset',
  'basename' => 'wp-reset/wp-reset.php',
  'plugin_page' => 'tools_page_wp-reset',
  'plugin_file' => 'C:\\xampp\\htdocs\\myPersonalSites\\devGithub\\wp-content\\plugins\\wp-reset\\wp-reset.php',
  'js_folder' => 'http://localhost/myPersonalSites/devGithub/wp-content/plugins/wp-reset//js/',
  'api_ver' => 'v1/',
  'valid_forever' => '2035-01-01',
  'unlimited_installs' => 99999,
  'debug' => true,
  'filesystem_initialized' => false,
)

[Sun, 27 Apr 2025 11:49:17 +0000] wpr: __construct
array (
  'prefix' => 'wpr',
  'licensing_servers' => 
  array (
    0 => 'https://dashboard.wpreset.com/api/',
  ),
  'version' => '2.04',
  'plugin_file' => 'C:\\xampp\\htdocs\\myPersonalSites\\devGithub\\wp-content\\plugins\\wp-reset\\wp-reset.php',
  'plugin_page' => 'tools_page_wp-reset',
  'skip_hooks' => false,
  'debug' => true,
  'js_folder' => 'http://localhost/myPersonalSites/devGithub/wp-content/plugins/wp-reset//js/',
)
array (
  'prefix' => 'wpr',
  'licensing_servers' => 
  array (
    0 => 'https://dashboard.wpreset.com/api/',
  ),
  'version' => '2.04',
  'slug' => 'wp-reset',
  'basename' => 'wp-reset/wp-reset.php',
  'plugin_page' => 'tools_page_wp-reset',
  'plugin_file' => 'C:\\xampp\\htdocs\\myPersonalSites\\devGithub\\wp-content\\plugins\\wp-reset\\wp-reset.php',
  'js_folder' => 'http://localhost/myPersonalSites/devGithub/wp-content/plugins/wp-reset//js/',
  'api_ver' => 'v1/',
  'valid_forever' => '2035-01-01',
  'unlimited_installs' => 99999,
  'debug' => true,
  'filesystem_initialized' => false,
)

[Sun, 27 Apr 2025 11:49:22 +0000] wpr: __construct
array (
  'prefix' => 'wpr',
  'licensing_servers' => 
  array (
    0 => 'https://dashboard.wpreset.com/api/',
  ),
  'version' => '2.04',
  'plugin_file' => 'C:\\xampp\\htdocs\\myPersonalSites\\devGithub\\wp-content\\plugins\\wp-reset\\wp-reset.php',
  'plugin_page' => 'tools_page_wp-reset',
  'skip_hooks' => false,
  'debug' => true,
  'js_folder' => 'http://localhost/myPersonalSites/devGithub/wp-content/plugins/wp-reset//js/',
)
array (
  'prefix' => 'wpr',
  'licensing_servers' => 
  array (
    0 => 'https://dashboard.wpreset.com/api/',
  ),
  'version' => '2.04',
  'slug' => 'wp-reset',
  'basename' => 'wp-reset/wp-reset.php',
  'plugin_page' => 'tools_page_wp-reset',
  'plugin_file' => 'C:\\xampp\\htdocs\\myPersonalSites\\devGithub\\wp-content\\plugins\\wp-reset\\wp-reset.php',
  'js_folder' => 'http://localhost/myPersonalSites/devGithub/wp-content/plugins/wp-reset//js/',
  'api_ver' => 'v1/',
  'valid_forever' => '2035-01-01',
  'unlimited_installs' => 99999,
  'debug' => true,
  'filesystem_initialized' => false,
)

[Sun, 27 Apr 2025 11:49:23 +0000] wpr: __construct
array (
  'prefix' => 'wpr',
  'licensing_servers' => 
  array (
    0 => 'https://dashboard.wpreset.com/api/',
  ),
  'version' => '2.04',
  'plugin_file' => 'C:\\xampp\\htdocs\\myPersonalSites\\devGithub\\wp-content\\plugins\\wp-reset\\wp-reset.php',
  'plugin_page' => 'tools_page_wp-reset',
  'skip_hooks' => false,
  'debug' => true,
  'js_folder' => 'http://localhost/myPersonalSites/devGithub/wp-content/plugins/wp-reset//js/',
)
array (
  'prefix' => 'wpr',
  'licensing_servers' => 
  array (
    0 => 'https://dashboard.wpreset.com/api/',
  ),
  'version' => '2.04',
  'slug' => 'wp-reset',
  'basename' => 'wp-reset/wp-reset.php',
  'plugin_page' => 'tools_page_wp-reset',
  'plugin_file' => 'C:\\xampp\\htdocs\\myPersonalSites\\devGithub\\wp-content\\plugins\\wp-reset\\wp-reset.php',
  'js_folder' => 'http://localhost/myPersonalSites/devGithub/wp-content/plugins/wp-reset//js/',
  'api_ver' => 'v1/',
  'valid_forever' => '2035-01-01',
  'unlimited_installs' => 99999,
  'debug' => true,
  'filesystem_initialized' => false,
)

[Sun, 27 Apr 2025 11:49:29 +0000] wpr: __construct
array (
  'prefix' => 'wpr',
  'licensing_servers' => 
  array (
    0 => 'https://dashboard.wpreset.com/api/',
  ),
  'version' => '2.04',
  'plugin_file' => 'C:\\xampp\\htdocs\\myPersonalSites\\devGithub\\wp-content\\plugins\\wp-reset\\wp-reset.php',
  'plugin_page' => 'tools_page_wp-reset',
  'skip_hooks' => false,
  'debug' => true,
  'js_folder' => 'http://localhost/myPersonalSites/devGithub/wp-content/plugins/wp-reset//js/',
)
array (
  'prefix' => 'wpr',
  'licensing_servers' => 
  array (
    0 => 'https://dashboard.wpreset.com/api/',
  ),
  'version' => '2.04',
  'slug' => 'wp-reset',
  'basename' => 'wp-reset/wp-reset.php',
  'plugin_page' => 'tools_page_wp-reset',
  'plugin_file' => 'C:\\xampp\\htdocs\\myPersonalSites\\devGithub\\wp-content\\plugins\\wp-reset\\wp-reset.php',
  'js_folder' => 'http://localhost/myPersonalSites/devGithub/wp-content/plugins/wp-reset//js/',
  'api_ver' => 'v1/',
  'valid_forever' => '2035-01-01',
  'unlimited_installs' => 99999,
  'debug' => true,
  'filesystem_initialized' => false,
)

[Sun, 27 Apr 2025 11:50:06 +0000] wpr: __construct
array (
  'prefix' => 'wpr',
  'licensing_servers' => 
  array (
    0 => 'https://dashboard.wpreset.com/api/',
  ),
  'version' => '2.04',
  'plugin_file' => 'C:\\xampp\\htdocs\\myPersonalSites\\devGithub\\wp-content\\plugins\\wp-reset\\wp-reset.php',
  'plugin_page' => 'tools_page_wp-reset',
  'skip_hooks' => false,
  'debug' => true,
  'js_folder' => 'http://localhost/myPersonalSites/devGithub/wp-content/plugins/wp-reset//js/',
)
array (
  'prefix' => 'wpr',
  'licensing_servers' => 
  array (
    0 => 'https://dashboard.wpreset.com/api/',
  ),
  'version' => '2.04',
  'slug' => 'wp-reset',
  'basename' => 'wp-reset/wp-reset.php',
  'plugin_page' => 'tools_page_wp-reset',
  'plugin_file' => 'C:\\xampp\\htdocs\\myPersonalSites\\devGithub\\wp-content\\plugins\\wp-reset\\wp-reset.php',
  'js_folder' => 'http://localhost/myPersonalSites/devGithub/wp-content/plugins/wp-reset//js/',
  'api_ver' => 'v1/',
  'valid_forever' => '2035-01-01',
  'unlimited_installs' => 99999,
  'debug' => true,
  'filesystem_initialized' => false,
)

[Sun, 27 Apr 2025 11:50:14 +0000] wpr: __construct
array (
  'prefix' => 'wpr',
  'licensing_servers' => 
  array (
    0 => 'https://dashboard.wpreset.com/api/',
  ),
  'version' => '2.04',
  'plugin_file' => 'C:\\xampp\\htdocs\\myPersonalSites\\devGithub\\wp-content\\plugins\\wp-reset\\wp-reset.php',
  'plugin_page' => 'tools_page_wp-reset',
  'skip_hooks' => false,
  'debug' => true,
  'js_folder' => 'http://localhost/myPersonalSites/devGithub/wp-content/plugins/wp-reset//js/',
)
array (
  'prefix' => 'wpr',
  'licensing_servers' => 
  array (
    0 => 'https://dashboard.wpreset.com/api/',
  ),
  'version' => '2.04',
  'slug' => 'wp-reset',
  'basename' => 'wp-reset/wp-reset.php',
  'plugin_page' => 'tools_page_wp-reset',
  'plugin_file' => 'C:\\xampp\\htdocs\\myPersonalSites\\devGithub\\wp-content\\plugins\\wp-reset\\wp-reset.php',
  'js_folder' => 'http://localhost/myPersonalSites/devGithub/wp-content/plugins/wp-reset//js/',
  'api_ver' => 'v1/',
  'valid_forever' => '2035-01-01',
  'unlimited_installs' => 99999,
  'debug' => true,
  'filesystem_initialized' => false,
)

[Sun, 27 Apr 2025 11:50:18 +0000] wpr: __construct
array (
  'prefix' => 'wpr',
  'licensing_servers' => 
  array (
    0 => 'https://dashboard.wpreset.com/api/',
  ),
  'version' => '2.04',
  'plugin_file' => 'C:\\xampp\\htdocs\\myPersonalSites\\devGithub\\wp-content\\plugins\\wp-reset\\wp-reset.php',
  'plugin_page' => 'tools_page_wp-reset',
  'skip_hooks' => false,
  'debug' => true,
  'js_folder' => 'http://localhost/myPersonalSites/devGithub/wp-content/plugins/wp-reset//js/',
)
array (
  'prefix' => 'wpr',
  'licensing_servers' => 
  array (
    0 => 'https://dashboard.wpreset.com/api/',
  ),
  'version' => '2.04',
  'slug' => 'wp-reset',
  'basename' => 'wp-reset/wp-reset.php',
  'plugin_page' => 'tools_page_wp-reset',
  'plugin_file' => 'C:\\xampp\\htdocs\\myPersonalSites\\devGithub\\wp-content\\plugins\\wp-reset\\wp-reset.php',
  'js_folder' => 'http://localhost/myPersonalSites/devGithub/wp-content/plugins/wp-reset//js/',
  'api_ver' => 'v1/',
  'valid_forever' => '2035-01-01',
  'unlimited_installs' => 99999,
  'debug' => true,
  'filesystem_initialized' => false,
)

[Sun, 27 Apr 2025 11:50:22 +0000] wpr: __construct
array (
  'prefix' => 'wpr',
  'licensing_servers' => 
  array (
    0 => 'https://dashboard.wpreset.com/api/',
  ),
  'version' => '2.04',
  'plugin_file' => 'C:\\xampp\\htdocs\\myPersonalSites\\devGithub\\wp-content\\plugins\\wp-reset\\wp-reset.php',
  'plugin_page' => 'tools_page_wp-reset',
  'skip_hooks' => false,
  'debug' => true,
  'js_folder' => 'http://localhost/myPersonalSites/devGithub/wp-content/plugins/wp-reset//js/',
)
array (
  'prefix' => 'wpr',
  'licensing_servers' => 
  array (
    0 => 'https://dashboard.wpreset.com/api/',
  ),
  'version' => '2.04',
  'slug' => 'wp-reset',
  'basename' => 'wp-reset/wp-reset.php',
  'plugin_page' => 'tools_page_wp-reset',
  'plugin_file' => 'C:\\xampp\\htdocs\\myPersonalSites\\devGithub\\wp-content\\plugins\\wp-reset\\wp-reset.php',
  'js_folder' => 'http://localhost/myPersonalSites/devGithub/wp-content/plugins/wp-reset//js/',
  'api_ver' => 'v1/',
  'valid_forever' => '2035-01-01',
  'unlimited_installs' => 99999,
  'debug' => true,
  'filesystem_initialized' => false,
)

[Sun, 27 Apr 2025 11:50:24 +0000] wpr: __construct
array (
  'prefix' => 'wpr',
  'licensing_servers' => 
  array (
    0 => 'https://dashboard.wpreset.com/api/',
  ),
  'version' => '2.04',
  'plugin_file' => 'C:\\xampp\\htdocs\\myPersonalSites\\devGithub\\wp-content\\plugins\\wp-reset\\wp-reset.php',
  'plugin_page' => 'tools_page_wp-reset',
  'skip_hooks' => false,
  'debug' => true,
  'js_folder' => 'http://localhost/myPersonalSites/devGithub/wp-content/plugins/wp-reset//js/',
)
array (
  'prefix' => 'wpr',
  'licensing_servers' => 
  array (
    0 => 'https://dashboard.wpreset.com/api/',
  ),
  'version' => '2.04',
  'slug' => 'wp-reset',
  'basename' => 'wp-reset/wp-reset.php',
  'plugin_page' => 'tools_page_wp-reset',
  'plugin_file' => 'C:\\xampp\\htdocs\\myPersonalSites\\devGithub\\wp-content\\plugins\\wp-reset\\wp-reset.php',
  'js_folder' => 'http://localhost/myPersonalSites/devGithub/wp-content/plugins/wp-reset//js/',
  'api_ver' => 'v1/',
  'valid_forever' => '2035-01-01',
  'unlimited_installs' => 99999,
  'debug' => true,
  'filesystem_initialized' => false,
)

[Sun, 27 Apr 2025 11:50:26 +0000] wpr: __construct
array (
  'prefix' => 'wpr',
  'licensing_servers' => 
  array (
    0 => 'https://dashboard.wpreset.com/api/',
  ),
  'version' => '2.04',
  'plugin_file' => 'C:\\xampp\\htdocs\\myPersonalSites\\devGithub\\wp-content\\plugins\\wp-reset\\wp-reset.php',
  'plugin_page' => 'tools_page_wp-reset',
  'skip_hooks' => false,
  'debug' => true,
  'js_folder' => 'http://localhost/myPersonalSites/devGithub/wp-content/plugins/wp-reset//js/',
)
array (
  'prefix' => 'wpr',
  'licensing_servers' => 
  array (
    0 => 'https://dashboard.wpreset.com/api/',
  ),
  'version' => '2.04',
  'slug' => 'wp-reset',
  'basename' => 'wp-reset/wp-reset.php',
  'plugin_page' => 'tools_page_wp-reset',
  'plugin_file' => 'C:\\xampp\\htdocs\\myPersonalSites\\devGithub\\wp-content\\plugins\\wp-reset\\wp-reset.php',
  'js_folder' => 'http://localhost/myPersonalSites/devGithub/wp-content/plugins/wp-reset//js/',
  'api_ver' => 'v1/',
  'valid_forever' => '2035-01-01',
  'unlimited_installs' => 99999,
  'debug' => true,
  'filesystem_initialized' => false,
)

[Sun, 27 Apr 2025 11:50:31 +0000] wpr: __construct
array (
  'prefix' => 'wpr',
  'licensing_servers' => 
  array (
    0 => 'https://dashboard.wpreset.com/api/',
  ),
  'version' => '2.04',
  'plugin_file' => 'C:\\xampp\\htdocs\\myPersonalSites\\devGithub\\wp-content\\plugins\\wp-reset\\wp-reset.php',
  'plugin_page' => 'tools_page_wp-reset',
  'skip_hooks' => false,
  'debug' => true,
  'js_folder' => 'http://localhost/myPersonalSites/devGithub/wp-content/plugins/wp-reset//js/',
)
array (
  'prefix' => 'wpr',
  'licensing_servers' => 
  array (
    0 => 'https://dashboard.wpreset.com/api/',
  ),
  'version' => '2.04',
  'slug' => 'wp-reset',
  'basename' => 'wp-reset/wp-reset.php',
  'plugin_page' => 'tools_page_wp-reset',
  'plugin_file' => 'C:\\xampp\\htdocs\\myPersonalSites\\devGithub\\wp-content\\plugins\\wp-reset\\wp-reset.php',
  'js_folder' => 'http://localhost/myPersonalSites/devGithub/wp-content/plugins/wp-reset//js/',
  'api_ver' => 'v1/',
  'valid_forever' => '2035-01-01',
  'unlimited_installs' => 99999,
  'debug' => true,
  'filesystem_initialized' => false,
)

[Sun, 27 Apr 2025 11:50:33 +0000] wpr: __construct
array (
  'prefix' => 'wpr',
  'licensing_servers' => 
  array (
    0 => 'https://dashboard.wpreset.com/api/',
  ),
  'version' => '2.04',
  'plugin_file' => 'C:\\xampp\\htdocs\\myPersonalSites\\devGithub\\wp-content\\plugins\\wp-reset\\wp-reset.php',
  'plugin_page' => 'tools_page_wp-reset',
  'skip_hooks' => false,
  'debug' => true,
  'js_folder' => 'http://localhost/myPersonalSites/devGithub/wp-content/plugins/wp-reset//js/',
)
array (
  'prefix' => 'wpr',
  'licensing_servers' => 
  array (
    0 => 'https://dashboard.wpreset.com/api/',
  ),
  'version' => '2.04',
  'slug' => 'wp-reset',
  'basename' => 'wp-reset/wp-reset.php',
  'plugin_page' => 'tools_page_wp-reset',
  'plugin_file' => 'C:\\xampp\\htdocs\\myPersonalSites\\devGithub\\wp-content\\plugins\\wp-reset\\wp-reset.php',
  'js_folder' => 'http://localhost/myPersonalSites/devGithub/wp-content/plugins/wp-reset//js/',
  'api_ver' => 'v1/',
  'valid_forever' => '2035-01-01',
  'unlimited_installs' => 99999,
  'debug' => true,
  'filesystem_initialized' => false,
)

[Sun, 27 Apr 2025 11:50:41 +0000] wpr: __construct
array (
  'prefix' => 'wpr',
  'licensing_servers' => 
  array (
    0 => 'https://dashboard.wpreset.com/api/',
  ),
  'version' => '2.04',
  'plugin_file' => 'C:\\xampp\\htdocs\\myPersonalSites\\devGithub\\wp-content\\plugins\\wp-reset\\wp-reset.php',
  'plugin_page' => 'tools_page_wp-reset',
  'skip_hooks' => false,
  'debug' => true,
  'js_folder' => 'http://localhost/myPersonalSites/devGithub/wp-content/plugins/wp-reset//js/',
)
array (
  'prefix' => 'wpr',
  'licensing_servers' => 
  array (
    0 => 'https://dashboard.wpreset.com/api/',
  ),
  'version' => '2.04',
  'slug' => 'wp-reset',
  'basename' => 'wp-reset/wp-reset.php',
  'plugin_page' => 'tools_page_wp-reset',
  'plugin_file' => 'C:\\xampp\\htdocs\\myPersonalSites\\devGithub\\wp-content\\plugins\\wp-reset\\wp-reset.php',
  'js_folder' => 'http://localhost/myPersonalSites/devGithub/wp-content/plugins/wp-reset//js/',
  'api_ver' => 'v1/',
  'valid_forever' => '2035-01-01',
  'unlimited_installs' => 99999,
  'debug' => true,
  'filesystem_initialized' => false,
)

[Sun, 27 Apr 2025 11:51:23 +0000] wpr: __construct
array (
  'prefix' => 'wpr',
  'licensing_servers' => 
  array (
    0 => 'https://dashboard.wpreset.com/api/',
  ),
  'version' => '2.04',
  'plugin_file' => 'C:\\xampp\\htdocs\\myPersonalSites\\devGithub\\wp-content\\plugins\\wp-reset\\wp-reset.php',
  'plugin_page' => 'tools_page_wp-reset',
  'skip_hooks' => false,
  'debug' => true,
  'js_folder' => 'http://localhost/myPersonalSites/devGithub/wp-content/plugins/wp-reset//js/',
)
array (
  'prefix' => 'wpr',
  'licensing_servers' => 
  array (
    0 => 'https://dashboard.wpreset.com/api/',
  ),
  'version' => '2.04',
  'slug' => 'wp-reset',
  'basename' => 'wp-reset/wp-reset.php',
  'plugin_page' => 'tools_page_wp-reset',
  'plugin_file' => 'C:\\xampp\\htdocs\\myPersonalSites\\devGithub\\wp-content\\plugins\\wp-reset\\wp-reset.php',
  'js_folder' => 'http://localhost/myPersonalSites/devGithub/wp-content/plugins/wp-reset//js/',
  'api_ver' => 'v1/',
  'valid_forever' => '2035-01-01',
  'unlimited_installs' => 99999,
  'debug' => true,
  'filesystem_initialized' => false,
)

[Sun, 27 Apr 2025 11:51:27 +0000] wpr: __construct
array (
  'prefix' => 'wpr',
  'licensing_servers' => 
  array (
    0 => 'https://dashboard.wpreset.com/api/',
  ),
  'version' => '2.04',
  'plugin_file' => 'C:\\xampp\\htdocs\\myPersonalSites\\devGithub\\wp-content\\plugins\\wp-reset\\wp-reset.php',
  'plugin_page' => 'tools_page_wp-reset',
  'skip_hooks' => false,
  'debug' => true,
  'js_folder' => 'http://localhost/myPersonalSites/devGithub/wp-content/plugins/wp-reset//js/',
)
array (
  'prefix' => 'wpr',
  'licensing_servers' => 
  array (
    0 => 'https://dashboard.wpreset.com/api/',
  ),
  'version' => '2.04',
  'slug' => 'wp-reset',
  'basename' => 'wp-reset/wp-reset.php',
  'plugin_page' => 'tools_page_wp-reset',
  'plugin_file' => 'C:\\xampp\\htdocs\\myPersonalSites\\devGithub\\wp-content\\plugins\\wp-reset\\wp-reset.php',
  'js_folder' => 'http://localhost/myPersonalSites/devGithub/wp-content/plugins/wp-reset//js/',
  'api_ver' => 'v1/',
  'valid_forever' => '2035-01-01',
  'unlimited_installs' => 99999,
  'debug' => true,
  'filesystem_initialized' => false,
)

[Sun, 27 Apr 2025 11:51:27 +0000] wpr: __construct
array (
  'prefix' => 'wpr',
  'licensing_servers' => 
  array (
    0 => 'https://dashboard.wpreset.com/api/',
  ),
  'version' => '2.04',
  'plugin_file' => 'C:\\xampp\\htdocs\\myPersonalSites\\devGithub\\wp-content\\plugins\\wp-reset\\wp-reset.php',
  'plugin_page' => 'tools_page_wp-reset',
  'skip_hooks' => false,
  'debug' => true,
  'js_folder' => 'http://localhost/myPersonalSites/devGithub/wp-content/plugins/wp-reset//js/',
)
array (
  'prefix' => 'wpr',
  'licensing_servers' => 
  array (
    0 => 'https://dashboard.wpreset.com/api/',
  ),
  'version' => '2.04',
  'slug' => 'wp-reset',
  'basename' => 'wp-reset/wp-reset.php',
  'plugin_page' => 'tools_page_wp-reset',
  'plugin_file' => 'C:\\xampp\\htdocs\\myPersonalSites\\devGithub\\wp-content\\plugins\\wp-reset\\wp-reset.php',
  'js_folder' => 'http://localhost/myPersonalSites/devGithub/wp-content/plugins/wp-reset//js/',
  'api_ver' => 'v1/',
  'valid_forever' => '2035-01-01',
  'unlimited_installs' => 99999,
  'debug' => true,
  'filesystem_initialized' => false,
)

[Sun, 27 Apr 2025 11:51:31 +0000] wpr: __construct
array (
  'prefix' => 'wpr',
  'licensing_servers' => 
  array (
    0 => 'https://dashboard.wpreset.com/api/',
  ),
  'version' => '2.04',
  'plugin_file' => 'C:\\xampp\\htdocs\\myPersonalSites\\devGithub\\wp-content\\plugins\\wp-reset\\wp-reset.php',
  'plugin_page' => 'tools_page_wp-reset',
  'skip_hooks' => false,
  'debug' => true,
  'js_folder' => 'http://localhost/myPersonalSites/devGithub/wp-content/plugins/wp-reset//js/',
)
array (
  'prefix' => 'wpr',
  'licensing_servers' => 
  array (
    0 => 'https://dashboard.wpreset.com/api/',
  ),
  'version' => '2.04',
  'slug' => 'wp-reset',
  'basename' => 'wp-reset/wp-reset.php',
  'plugin_page' => 'tools_page_wp-reset',
  'plugin_file' => 'C:\\xampp\\htdocs\\myPersonalSites\\devGithub\\wp-content\\plugins\\wp-reset\\wp-reset.php',
  'js_folder' => 'http://localhost/myPersonalSites/devGithub/wp-content/plugins/wp-reset//js/',
  'api_ver' => 'v1/',
  'valid_forever' => '2035-01-01',
  'unlimited_installs' => 99999,
  'debug' => true,
  'filesystem_initialized' => false,
)

[Sun, 27 Apr 2025 11:51:41 +0000] wpr: __construct
array (
  'prefix' => 'wpr',
  'licensing_servers' => 
  array (
    0 => 'https://dashboard.wpreset.com/api/',
  ),
  'version' => '2.04',
  'plugin_file' => 'C:\\xampp\\htdocs\\myPersonalSites\\devGithub\\wp-content\\plugins\\wp-reset\\wp-reset.php',
  'plugin_page' => 'tools_page_wp-reset',
  'skip_hooks' => false,
  'debug' => true,
  'js_folder' => 'http://localhost/myPersonalSites/devGithub/wp-content/plugins/wp-reset//js/',
)
array (
  'prefix' => 'wpr',
  'licensing_servers' => 
  array (
    0 => 'https://dashboard.wpreset.com/api/',
  ),
  'version' => '2.04',
  'slug' => 'wp-reset',
  'basename' => 'wp-reset/wp-reset.php',
  'plugin_page' => 'tools_page_wp-reset',
  'plugin_file' => 'C:\\xampp\\htdocs\\myPersonalSites\\devGithub\\wp-content\\plugins\\wp-reset\\wp-reset.php',
  'js_folder' => 'http://localhost/myPersonalSites/devGithub/wp-content/plugins/wp-reset//js/',
  'api_ver' => 'v1/',
  'valid_forever' => '2035-01-01',
  'unlimited_installs' => 99999,
  'debug' => true,
  'filesystem_initialized' => false,
)

[Sun, 27 Apr 2025 11:51:47 +0000] wpr: __construct
array (
  'prefix' => 'wpr',
  'licensing_servers' => 
  array (
    0 => 'https://dashboard.wpreset.com/api/',
  ),
  'version' => '2.04',
  'plugin_file' => 'C:\\xampp\\htdocs\\myPersonalSites\\devGithub\\wp-content\\plugins\\wp-reset\\wp-reset.php',
  'plugin_page' => 'tools_page_wp-reset',
  'skip_hooks' => false,
  'debug' => true,
  'js_folder' => 'http://localhost/myPersonalSites/devGithub/wp-content/plugins/wp-reset//js/',
)
array (
  'prefix' => 'wpr',
  'licensing_servers' => 
  array (
    0 => 'https://dashboard.wpreset.com/api/',
  ),
  'version' => '2.04',
  'slug' => 'wp-reset',
  'basename' => 'wp-reset/wp-reset.php',
  'plugin_page' => 'tools_page_wp-reset',
  'plugin_file' => 'C:\\xampp\\htdocs\\myPersonalSites\\devGithub\\wp-content\\plugins\\wp-reset\\wp-reset.php',
  'js_folder' => 'http://localhost/myPersonalSites/devGithub/wp-content/plugins/wp-reset//js/',
  'api_ver' => 'v1/',
  'valid_forever' => '2035-01-01',
  'unlimited_installs' => 99999,
  'debug' => true,
  'filesystem_initialized' => false,
)

[Sun, 27 Apr 2025 11:51:47 +0000] wpr: __construct
array (
  'prefix' => 'wpr',
  'licensing_servers' => 
  array (
    0 => 'https://dashboard.wpreset.com/api/',
  ),
  'version' => '2.04',
  'plugin_file' => 'C:\\xampp\\htdocs\\myPersonalSites\\devGithub\\wp-content\\plugins\\wp-reset\\wp-reset.php',
  'plugin_page' => 'tools_page_wp-reset',
  'skip_hooks' => false,
  'debug' => true,
  'js_folder' => 'http://localhost/myPersonalSites/devGithub/wp-content/plugins/wp-reset//js/',
)
array (
  'prefix' => 'wpr',
  'licensing_servers' => 
  array (
    0 => 'https://dashboard.wpreset.com/api/',
  ),
  'version' => '2.04',
  'slug' => 'wp-reset',
  'basename' => 'wp-reset/wp-reset.php',
  'plugin_page' => 'tools_page_wp-reset',
  'plugin_file' => 'C:\\xampp\\htdocs\\myPersonalSites\\devGithub\\wp-content\\plugins\\wp-reset\\wp-reset.php',
  'js_folder' => 'http://localhost/myPersonalSites/devGithub/wp-content/plugins/wp-reset//js/',
  'api_ver' => 'v1/',
  'valid_forever' => '2035-01-01',
  'unlimited_installs' => 99999,
  'debug' => true,
  'filesystem_initialized' => false,
)

[Sun, 27 Apr 2025 11:51:58 +0000] wpr: __construct
array (
  'prefix' => 'wpr',
  'licensing_servers' => 
  array (
    0 => 'https://dashboard.wpreset.com/api/',
  ),
  'version' => '2.04',
  'plugin_file' => 'C:\\xampp\\htdocs\\myPersonalSites\\devGithub\\wp-content\\plugins\\wp-reset\\wp-reset.php',
  'plugin_page' => 'tools_page_wp-reset',
  'skip_hooks' => false,
  'debug' => true,
  'js_folder' => 'http://localhost/myPersonalSites/devGithub/wp-content/plugins/wp-reset//js/',
)
array (
  'prefix' => 'wpr',
  'licensing_servers' => 
  array (
    0 => 'https://dashboard.wpreset.com/api/',
  ),
  'version' => '2.04',
  'slug' => 'wp-reset',
  'basename' => 'wp-reset/wp-reset.php',
  'plugin_page' => 'tools_page_wp-reset',
  'plugin_file' => 'C:\\xampp\\htdocs\\myPersonalSites\\devGithub\\wp-content\\plugins\\wp-reset\\wp-reset.php',
  'js_folder' => 'http://localhost/myPersonalSites/devGithub/wp-content/plugins/wp-reset//js/',
  'api_ver' => 'v1/',
  'valid_forever' => '2035-01-01',
  'unlimited_installs' => 99999,
  'debug' => true,
  'filesystem_initialized' => false,
)

[Sun, 27 Apr 2025 11:52:13 +0000] wpr: __construct
array (
  'prefix' => 'wpr',
  'licensing_servers' => 
  array (
    0 => 'https://dashboard.wpreset.com/api/',
  ),
  'version' => '2.04',
  'plugin_file' => 'C:\\xampp\\htdocs\\myPersonalSites\\devGithub\\wp-content\\plugins\\wp-reset\\wp-reset.php',
  'plugin_page' => 'tools_page_wp-reset',
  'skip_hooks' => false,
  'debug' => true,
  'js_folder' => 'http://localhost/myPersonalSites/devGithub/wp-content/plugins/wp-reset//js/',
)
array (
  'prefix' => 'wpr',
  'licensing_servers' => 
  array (
    0 => 'https://dashboard.wpreset.com/api/',
  ),
  'version' => '2.04',
  'slug' => 'wp-reset',
  'basename' => 'wp-reset/wp-reset.php',
  'plugin_page' => 'tools_page_wp-reset',
  'plugin_file' => 'C:\\xampp\\htdocs\\myPersonalSites\\devGithub\\wp-content\\plugins\\wp-reset\\wp-reset.php',
  'js_folder' => 'http://localhost/myPersonalSites/devGithub/wp-content/plugins/wp-reset//js/',
  'api_ver' => 'v1/',
  'valid_forever' => '2035-01-01',
  'unlimited_installs' => 99999,
  'debug' => true,
  'filesystem_initialized' => false,
)

[Sun, 27 Apr 2025 11:52:14 +0000] wpr: __construct
array (
  'prefix' => 'wpr',
  'licensing_servers' => 
  array (
    0 => 'https://dashboard.wpreset.com/api/',
  ),
  'version' => '2.04',
  'plugin_file' => 'C:\\xampp\\htdocs\\myPersonalSites\\devGithub\\wp-content\\plugins\\wp-reset\\wp-reset.php',
  'plugin_page' => 'tools_page_wp-reset',
  'skip_hooks' => false,
  'debug' => true,
  'js_folder' => 'http://localhost/myPersonalSites/devGithub/wp-content/plugins/wp-reset//js/',
)
array (
  'prefix' => 'wpr',
  'licensing_servers' => 
  array (
    0 => 'https://dashboard.wpreset.com/api/',
  ),
  'version' => '2.04',
  'slug' => 'wp-reset',
  'basename' => 'wp-reset/wp-reset.php',
  'plugin_page' => 'tools_page_wp-reset',
  'plugin_file' => 'C:\\xampp\\htdocs\\myPersonalSites\\devGithub\\wp-content\\plugins\\wp-reset\\wp-reset.php',
  'js_folder' => 'http://localhost/myPersonalSites/devGithub/wp-content/plugins/wp-reset//js/',
  'api_ver' => 'v1/',
  'valid_forever' => '2035-01-01',
  'unlimited_installs' => 99999,
  'debug' => true,
  'filesystem_initialized' => false,
)

[Sun, 27 Apr 2025 11:52:25 +0000] wpr: __construct
array (
  'prefix' => 'wpr',
  'licensing_servers' => 
  array (
    0 => 'https://dashboard.wpreset.com/api/',
  ),
  'version' => '2.04',
  'plugin_file' => 'C:\\xampp\\htdocs\\myPersonalSites\\devGithub\\wp-content\\plugins\\wp-reset\\wp-reset.php',
  'plugin_page' => 'tools_page_wp-reset',
  'skip_hooks' => false,
  'debug' => true,
  'js_folder' => 'http://localhost/myPersonalSites/devGithub/wp-content/plugins/wp-reset//js/',
)
array (
  'prefix' => 'wpr',
  'licensing_servers' => 
  array (
    0 => 'https://dashboard.wpreset.com/api/',
  ),
  'version' => '2.04',
  'slug' => 'wp-reset',
  'basename' => 'wp-reset/wp-reset.php',
  'plugin_page' => 'tools_page_wp-reset',
  'plugin_file' => 'C:\\xampp\\htdocs\\myPersonalSites\\devGithub\\wp-content\\plugins\\wp-reset\\wp-reset.php',
  'js_folder' => 'http://localhost/myPersonalSites/devGithub/wp-content/plugins/wp-reset//js/',
  'api_ver' => 'v1/',
  'valid_forever' => '2035-01-01',
  'unlimited_installs' => 99999,
  'debug' => true,
  'filesystem_initialized' => false,
)

[Sun, 27 Apr 2025 11:52:29 +0000] wpr: __construct
array (
  'prefix' => 'wpr',
  'licensing_servers' => 
  array (
    0 => 'https://dashboard.wpreset.com/api/',
  ),
  'version' => '2.04',
  'plugin_file' => 'C:\\xampp\\htdocs\\myPersonalSites\\devGithub\\wp-content\\plugins\\wp-reset\\wp-reset.php',
  'plugin_page' => 'tools_page_wp-reset',
  'skip_hooks' => false,
  'debug' => true,
  'js_folder' => 'http://localhost/myPersonalSites/devGithub/wp-content/plugins/wp-reset//js/',
)
array (
  'prefix' => 'wpr',
  'licensing_servers' => 
  array (
    0 => 'https://dashboard.wpreset.com/api/',
  ),
  'version' => '2.04',
  'slug' => 'wp-reset',
  'basename' => 'wp-reset/wp-reset.php',
  'plugin_page' => 'tools_page_wp-reset',
  'plugin_file' => 'C:\\xampp\\htdocs\\myPersonalSites\\devGithub\\wp-content\\plugins\\wp-reset\\wp-reset.php',
  'js_folder' => 'http://localhost/myPersonalSites/devGithub/wp-content/plugins/wp-reset//js/',
  'api_ver' => 'v1/',
  'valid_forever' => '2035-01-01',
  'unlimited_installs' => 99999,
  'debug' => true,
  'filesystem_initialized' => false,
)

[Sun, 27 Apr 2025 11:52:32 +0000] wpr: __construct
array (
  'prefix' => 'wpr',
  'licensing_servers' => 
  array (
    0 => 'https://dashboard.wpreset.com/api/',
  ),
  'version' => '2.04',
  'plugin_file' => 'C:\\xampp\\htdocs\\myPersonalSites\\devGithub\\wp-content\\plugins\\wp-reset\\wp-reset.php',
  'plugin_page' => 'tools_page_wp-reset',
  'skip_hooks' => false,
  'debug' => true,
  'js_folder' => 'http://localhost/myPersonalSites/devGithub/wp-content/plugins/wp-reset//js/',
)
array (
  'prefix' => 'wpr',
  'licensing_servers' => 
  array (
    0 => 'https://dashboard.wpreset.com/api/',
  ),
  'version' => '2.04',
  'slug' => 'wp-reset',
  'basename' => 'wp-reset/wp-reset.php',
  'plugin_page' => 'tools_page_wp-reset',
  'plugin_file' => 'C:\\xampp\\htdocs\\myPersonalSites\\devGithub\\wp-content\\plugins\\wp-reset\\wp-reset.php',
  'js_folder' => 'http://localhost/myPersonalSites/devGithub/wp-content/plugins/wp-reset//js/',
  'api_ver' => 'v1/',
  'valid_forever' => '2035-01-01',
  'unlimited_installs' => 99999,
  'debug' => true,
  'filesystem_initialized' => false,
)

[Sun, 27 Apr 2025 11:52:43 +0000] wpr: __construct
array (
  'prefix' => 'wpr',
  'licensing_servers' => 
  array (
    0 => 'https://dashboard.wpreset.com/api/',
  ),
  'version' => '2.04',
  'plugin_file' => 'C:\\xampp\\htdocs\\myPersonalSites\\devGithub\\wp-content\\plugins\\wp-reset\\wp-reset.php',
  'plugin_page' => 'tools_page_wp-reset',
  'skip_hooks' => false,
  'debug' => true,
  'js_folder' => 'http://localhost/myPersonalSites/devGithub/wp-content/plugins/wp-reset//js/',
)
array (
  'prefix' => 'wpr',
  'licensing_servers' => 
  array (
    0 => 'https://dashboard.wpreset.com/api/',
  ),
  'version' => '2.04',
  'slug' => 'wp-reset',
  'basename' => 'wp-reset/wp-reset.php',
  'plugin_page' => 'tools_page_wp-reset',
  'plugin_file' => 'C:\\xampp\\htdocs\\myPersonalSites\\devGithub\\wp-content\\plugins\\wp-reset\\wp-reset.php',
  'js_folder' => 'http://localhost/myPersonalSites/devGithub/wp-content/plugins/wp-reset//js/',
  'api_ver' => 'v1/',
  'valid_forever' => '2035-01-01',
  'unlimited_installs' => 99999,
  'debug' => true,
  'filesystem_initialized' => false,
)

[Sun, 27 Apr 2025 11:52:52 +0000] wpr: __construct
array (
  'prefix' => 'wpr',
  'licensing_servers' => 
  array (
    0 => 'https://dashboard.wpreset.com/api/',
  ),
  'version' => '2.04',
  'plugin_file' => 'C:\\xampp\\htdocs\\myPersonalSites\\devGithub\\wp-content\\plugins\\wp-reset\\wp-reset.php',
  'plugin_page' => 'tools_page_wp-reset',
  'skip_hooks' => false,
  'debug' => true,
  'js_folder' => 'http://localhost/myPersonalSites/devGithub/wp-content/plugins/wp-reset//js/',
)
array (
  'prefix' => 'wpr',
  'licensing_servers' => 
  array (
    0 => 'https://dashboard.wpreset.com/api/',
  ),
  'version' => '2.04',
  'slug' => 'wp-reset',
  'basename' => 'wp-reset/wp-reset.php',
  'plugin_page' => 'tools_page_wp-reset',
  'plugin_file' => 'C:\\xampp\\htdocs\\myPersonalSites\\devGithub\\wp-content\\plugins\\wp-reset\\wp-reset.php',
  'js_folder' => 'http://localhost/myPersonalSites/devGithub/wp-content/plugins/wp-reset//js/',
  'api_ver' => 'v1/',
  'valid_forever' => '2035-01-01',
  'unlimited_installs' => 99999,
  'debug' => true,
  'filesystem_initialized' => false,
)

[Sun, 27 Apr 2025 11:52:56 +0000] wpr: __construct
array (
  'prefix' => 'wpr',
  'licensing_servers' => 
  array (
    0 => 'https://dashboard.wpreset.com/api/',
  ),
  'version' => '2.04',
  'plugin_file' => 'C:\\xampp\\htdocs\\myPersonalSites\\devGithub\\wp-content\\plugins\\wp-reset\\wp-reset.php',
  'plugin_page' => 'tools_page_wp-reset',
  'skip_hooks' => false,
  'debug' => true,
  'js_folder' => 'http://localhost/myPersonalSites/devGithub/wp-content/plugins/wp-reset//js/',
)
array (
  'prefix' => 'wpr',
  'licensing_servers' => 
  array (
    0 => 'https://dashboard.wpreset.com/api/',
  ),
  'version' => '2.04',
  'slug' => 'wp-reset',
  'basename' => 'wp-reset/wp-reset.php',
  'plugin_page' => 'tools_page_wp-reset',
  'plugin_file' => 'C:\\xampp\\htdocs\\myPersonalSites\\devGithub\\wp-content\\plugins\\wp-reset\\wp-reset.php',
  'js_folder' => 'http://localhost/myPersonalSites/devGithub/wp-content/plugins/wp-reset//js/',
  'api_ver' => 'v1/',
  'valid_forever' => '2035-01-01',
  'unlimited_installs' => 99999,
  'debug' => true,
  'filesystem_initialized' => false,
)

[Sun, 27 Apr 2025 11:53:06 +0000] wpr: __construct
array (
  'prefix' => 'wpr',
  'licensing_servers' => 
  array (
    0 => 'https://dashboard.wpreset.com/api/',
  ),
  'version' => '2.04',
  'plugin_file' => 'C:\\xampp\\htdocs\\myPersonalSites\\devGithub\\wp-content\\plugins\\wp-reset\\wp-reset.php',
  'plugin_page' => 'tools_page_wp-reset',
  'skip_hooks' => false,
  'debug' => true,
  'js_folder' => 'http://localhost/myPersonalSites/devGithub/wp-content/plugins/wp-reset//js/',
)
array (
  'prefix' => 'wpr',
  'licensing_servers' => 
  array (
    0 => 'https://dashboard.wpreset.com/api/',
  ),
  'version' => '2.04',
  'slug' => 'wp-reset',
  'basename' => 'wp-reset/wp-reset.php',
  'plugin_page' => 'tools_page_wp-reset',
  'plugin_file' => 'C:\\xampp\\htdocs\\myPersonalSites\\devGithub\\wp-content\\plugins\\wp-reset\\wp-reset.php',
  'js_folder' => 'http://localhost/myPersonalSites/devGithub/wp-content/plugins/wp-reset//js/',
  'api_ver' => 'v1/',
  'valid_forever' => '2035-01-01',
  'unlimited_installs' => 99999,
  'debug' => true,
  'filesystem_initialized' => false,
)

[Sun, 27 Apr 2025 11:53:07 +0000] wpr: __construct
array (
  'prefix' => 'wpr',
  'licensing_servers' => 
  array (
    0 => 'https://dashboard.wpreset.com/api/',
  ),
  'version' => '2.04',
  'plugin_file' => 'C:\\xampp\\htdocs\\myPersonalSites\\devGithub\\wp-content\\plugins\\wp-reset\\wp-reset.php',
  'plugin_page' => 'tools_page_wp-reset',
  'skip_hooks' => false,
  'debug' => true,
  'js_folder' => 'http://localhost/myPersonalSites/devGithub/wp-content/plugins/wp-reset//js/',
)
array (
  'prefix' => 'wpr',
  'licensing_servers' => 
  array (
    0 => 'https://dashboard.wpreset.com/api/',
  ),
  'version' => '2.04',
  'slug' => 'wp-reset',
  'basename' => 'wp-reset/wp-reset.php',
  'plugin_page' => 'tools_page_wp-reset',
  'plugin_file' => 'C:\\xampp\\htdocs\\myPersonalSites\\devGithub\\wp-content\\plugins\\wp-reset\\wp-reset.php',
  'js_folder' => 'http://localhost/myPersonalSites/devGithub/wp-content/plugins/wp-reset//js/',
  'api_ver' => 'v1/',
  'valid_forever' => '2035-01-01',
  'unlimited_installs' => 99999,
  'debug' => true,
  'filesystem_initialized' => false,
)

[Sun, 27 Apr 2025 11:53:07 +0000] wpr: __construct
array (
  'prefix' => 'wpr',
  'licensing_servers' => 
  array (
    0 => 'https://dashboard.wpreset.com/api/',
  ),
  'version' => '2.04',
  'plugin_file' => 'C:\\xampp\\htdocs\\myPersonalSites\\devGithub\\wp-content\\plugins\\wp-reset\\wp-reset.php',
  'plugin_page' => 'tools_page_wp-reset',
  'skip_hooks' => false,
  'debug' => true,
  'js_folder' => 'http://localhost/myPersonalSites/devGithub/wp-content/plugins/wp-reset//js/',
)
array (
  'prefix' => 'wpr',
  'licensing_servers' => 
  array (
    0 => 'https://dashboard.wpreset.com/api/',
  ),
  'version' => '2.04',
  'slug' => 'wp-reset',
  'basename' => 'wp-reset/wp-reset.php',
  'plugin_page' => 'tools_page_wp-reset',
  'plugin_file' => 'C:\\xampp\\htdocs\\myPersonalSites\\devGithub\\wp-content\\plugins\\wp-reset\\wp-reset.php',
  'js_folder' => 'http://localhost/myPersonalSites/devGithub/wp-content/plugins/wp-reset//js/',
  'api_ver' => 'v1/',
  'valid_forever' => '2035-01-01',
  'unlimited_installs' => 99999,
  'debug' => true,
  'filesystem_initialized' => false,
)

[Sun, 27 Apr 2025 11:53:10 +0000] wpr: __construct
array (
  'prefix' => 'wpr',
  'licensing_servers' => 
  array (
    0 => 'https://dashboard.wpreset.com/api/',
  ),
  'version' => '2.04',
  'plugin_file' => 'C:\\xampp\\htdocs\\myPersonalSites\\devGithub\\wp-content\\plugins\\wp-reset\\wp-reset.php',
  'plugin_page' => 'tools_page_wp-reset',
  'skip_hooks' => false,
  'debug' => true,
  'js_folder' => 'http://localhost/myPersonalSites/devGithub/wp-content/plugins/wp-reset//js/',
)
array (
  'prefix' => 'wpr',
  'licensing_servers' => 
  array (
    0 => 'https://dashboard.wpreset.com/api/',
  ),
  'version' => '2.04',
  'slug' => 'wp-reset',
  'basename' => 'wp-reset/wp-reset.php',
  'plugin_page' => 'tools_page_wp-reset',
  'plugin_file' => 'C:\\xampp\\htdocs\\myPersonalSites\\devGithub\\wp-content\\plugins\\wp-reset\\wp-reset.php',
  'js_folder' => 'http://localhost/myPersonalSites/devGithub/wp-content/plugins/wp-reset//js/',
  'api_ver' => 'v1/',
  'valid_forever' => '2035-01-01',
  'unlimited_installs' => 99999,
  'debug' => true,
  'filesystem_initialized' => false,
)

[Sun, 27 Apr 2025 11:53:11 +0000] wpr: __construct
array (
  'prefix' => 'wpr',
  'licensing_servers' => 
  array (
    0 => 'https://dashboard.wpreset.com/api/',
  ),
  'version' => '2.04',
  'plugin_file' => 'C:\\xampp\\htdocs\\myPersonalSites\\devGithub\\wp-content\\plugins\\wp-reset\\wp-reset.php',
  'plugin_page' => 'tools_page_wp-reset',
  'skip_hooks' => false,
  'debug' => true,
  'js_folder' => 'http://localhost/myPersonalSites/devGithub/wp-content/plugins/wp-reset//js/',
)
array (
  'prefix' => 'wpr',
  'licensing_servers' => 
  array (
    0 => 'https://dashboard.wpreset.com/api/',
  ),
  'version' => '2.04',
  'slug' => 'wp-reset',
  'basename' => 'wp-reset/wp-reset.php',
  'plugin_page' => 'tools_page_wp-reset',
  'plugin_file' => 'C:\\xampp\\htdocs\\myPersonalSites\\devGithub\\wp-content\\plugins\\wp-reset\\wp-reset.php',
  'js_folder' => 'http://localhost/myPersonalSites/devGithub/wp-content/plugins/wp-reset//js/',
  'api_ver' => 'v1/',
  'valid_forever' => '2035-01-01',
  'unlimited_installs' => 99999,
  'debug' => true,
  'filesystem_initialized' => false,
)

[Sun, 27 Apr 2025 11:53:20 +0000] wpr: __construct
array (
  'prefix' => 'wpr',
  'licensing_servers' => 
  array (
    0 => 'https://dashboard.wpreset.com/api/',
  ),
  'version' => '2.04',
  'plugin_file' => 'C:\\xampp\\htdocs\\myPersonalSites\\devGithub\\wp-content\\plugins\\wp-reset\\wp-reset.php',
  'plugin_page' => 'tools_page_wp-reset',
  'skip_hooks' => false,
  'debug' => true,
  'js_folder' => 'http://localhost/myPersonalSites/devGithub/wp-content/plugins/wp-reset//js/',
)
array (
  'prefix' => 'wpr',
  'licensing_servers' => 
  array (
    0 => 'https://dashboard.wpreset.com/api/',
  ),
  'version' => '2.04',
  'slug' => 'wp-reset',
  'basename' => 'wp-reset/wp-reset.php',
  'plugin_page' => 'tools_page_wp-reset',
  'plugin_file' => 'C:\\xampp\\htdocs\\myPersonalSites\\devGithub\\wp-content\\plugins\\wp-reset\\wp-reset.php',
  'js_folder' => 'http://localhost/myPersonalSites/devGithub/wp-content/plugins/wp-reset//js/',
  'api_ver' => 'v1/',
  'valid_forever' => '2035-01-01',
  'unlimited_installs' => 99999,
  'debug' => true,
  'filesystem_initialized' => false,
)

[Sun, 27 Apr 2025 11:53:23 +0000] wpr: __construct
array (
  'prefix' => 'wpr',
  'licensing_servers' => 
  array (
    0 => 'https://dashboard.wpreset.com/api/',
  ),
  'version' => '2.04',
  'plugin_file' => 'C:\\xampp\\htdocs\\myPersonalSites\\devGithub\\wp-content\\plugins\\wp-reset\\wp-reset.php',
  'plugin_page' => 'tools_page_wp-reset',
  'skip_hooks' => false,
  'debug' => true,
  'js_folder' => 'http://localhost/myPersonalSites/devGithub/wp-content/plugins/wp-reset//js/',
)
array (
  'prefix' => 'wpr',
  'licensing_servers' => 
  array (
    0 => 'https://dashboard.wpreset.com/api/',
  ),
  'version' => '2.04',
  'slug' => 'wp-reset',
  'basename' => 'wp-reset/wp-reset.php',
  'plugin_page' => 'tools_page_wp-reset',
  'plugin_file' => 'C:\\xampp\\htdocs\\myPersonalSites\\devGithub\\wp-content\\plugins\\wp-reset\\wp-reset.php',
  'js_folder' => 'http://localhost/myPersonalSites/devGithub/wp-content/plugins/wp-reset//js/',
  'api_ver' => 'v1/',
  'valid_forever' => '2035-01-01',
  'unlimited_installs' => 99999,
  'debug' => true,
  'filesystem_initialized' => false,
)

[Sun, 27 Apr 2025 11:53:25 +0000] wpr: __construct
array (
  'prefix' => 'wpr',
  'licensing_servers' => 
  array (
    0 => 'https://dashboard.wpreset.com/api/',
  ),
  'version' => '2.04',
  'plugin_file' => 'C:\\xampp\\htdocs\\myPersonalSites\\devGithub\\wp-content\\plugins\\wp-reset\\wp-reset.php',
  'plugin_page' => 'tools_page_wp-reset',
  'skip_hooks' => false,
  'debug' => true,
  'js_folder' => 'http://localhost/myPersonalSites/devGithub/wp-content/plugins/wp-reset//js/',
)
array (
  'prefix' => 'wpr',
  'licensing_servers' => 
  array (
    0 => 'https://dashboard.wpreset.com/api/',
  ),
  'version' => '2.04',
  'slug' => 'wp-reset',
  'basename' => 'wp-reset/wp-reset.php',
  'plugin_page' => 'tools_page_wp-reset',
  'plugin_file' => 'C:\\xampp\\htdocs\\myPersonalSites\\devGithub\\wp-content\\plugins\\wp-reset\\wp-reset.php',
  'js_folder' => 'http://localhost/myPersonalSites/devGithub/wp-content/plugins/wp-reset//js/',
  'api_ver' => 'v1/',
  'valid_forever' => '2035-01-01',
  'unlimited_installs' => 99999,
  'debug' => true,
  'filesystem_initialized' => false,
)

[Sun, 27 Apr 2025 11:53:29 +0000] wpr: __construct
array (
  'prefix' => 'wpr',
  'licensing_servers' => 
  array (
    0 => 'https://dashboard.wpreset.com/api/',
  ),
  'version' => '2.04',
  'plugin_file' => 'C:\\xampp\\htdocs\\myPersonalSites\\devGithub\\wp-content\\plugins\\wp-reset\\wp-reset.php',
  'plugin_page' => 'tools_page_wp-reset',
  'skip_hooks' => false,
  'debug' => true,
  'js_folder' => 'http://localhost/myPersonalSites/devGithub/wp-content/plugins/wp-reset//js/',
)
array (
  'prefix' => 'wpr',
  'licensing_servers' => 
  array (
    0 => 'https://dashboard.wpreset.com/api/',
  ),
  'version' => '2.04',
  'slug' => 'wp-reset',
  'basename' => 'wp-reset/wp-reset.php',
  'plugin_page' => 'tools_page_wp-reset',
  'plugin_file' => 'C:\\xampp\\htdocs\\myPersonalSites\\devGithub\\wp-content\\plugins\\wp-reset\\wp-reset.php',
  'js_folder' => 'http://localhost/myPersonalSites/devGithub/wp-content/plugins/wp-reset//js/',
  'api_ver' => 'v1/',
  'valid_forever' => '2035-01-01',
  'unlimited_installs' => 99999,
  'debug' => true,
  'filesystem_initialized' => false,
)

[Sun, 27 Apr 2025 11:53:39 +0000] wpr: __construct
array (
  'prefix' => 'wpr',
  'licensing_servers' => 
  array (
    0 => 'https://dashboard.wpreset.com/api/',
  ),
  'version' => '2.04',
  'plugin_file' => 'C:\\xampp\\htdocs\\myPersonalSites\\devGithub\\wp-content\\plugins\\wp-reset\\wp-reset.php',
  'plugin_page' => 'tools_page_wp-reset',
  'skip_hooks' => false,
  'debug' => true,
  'js_folder' => 'http://localhost/myPersonalSites/devGithub/wp-content/plugins/wp-reset//js/',
)
array (
  'prefix' => 'wpr',
  'licensing_servers' => 
  array (
    0 => 'https://dashboard.wpreset.com/api/',
  ),
  'version' => '2.04',
  'slug' => 'wp-reset',
  'basename' => 'wp-reset/wp-reset.php',
  'plugin_page' => 'tools_page_wp-reset',
  'plugin_file' => 'C:\\xampp\\htdocs\\myPersonalSites\\devGithub\\wp-content\\plugins\\wp-reset\\wp-reset.php',
  'js_folder' => 'http://localhost/myPersonalSites/devGithub/wp-content/plugins/wp-reset//js/',
  'api_ver' => 'v1/',
  'valid_forever' => '2035-01-01',
  'unlimited_installs' => 99999,
  'debug' => true,
  'filesystem_initialized' => false,
)

[Sun, 27 Apr 2025 11:54:00 +0000] wpr: __construct
array (
  'prefix' => 'wpr',
  'licensing_servers' => 
  array (
    0 => 'https://dashboard.wpreset.com/api/',
  ),
  'version' => '2.04',
  'plugin_file' => 'C:\\xampp\\htdocs\\myPersonalSites\\devGithub\\wp-content\\plugins\\wp-reset\\wp-reset.php',
  'plugin_page' => 'tools_page_wp-reset',
  'skip_hooks' => false,
  'debug' => true,
  'js_folder' => 'http://localhost/myPersonalSites/devGithub/wp-content/plugins/wp-reset//js/',
)
array (
  'prefix' => 'wpr',
  'licensing_servers' => 
  array (
    0 => 'https://dashboard.wpreset.com/api/',
  ),
  'version' => '2.04',
  'slug' => 'wp-reset',
  'basename' => 'wp-reset/wp-reset.php',
  'plugin_page' => 'tools_page_wp-reset',
  'plugin_file' => 'C:\\xampp\\htdocs\\myPersonalSites\\devGithub\\wp-content\\plugins\\wp-reset\\wp-reset.php',
  'js_folder' => 'http://localhost/myPersonalSites/devGithub/wp-content/plugins/wp-reset//js/',
  'api_ver' => 'v1/',
  'valid_forever' => '2035-01-01',
  'unlimited_installs' => 99999,
  'debug' => true,
  'filesystem_initialized' => false,
)

[Sun, 27 Apr 2025 11:54:04 +0000] wpr: __construct
array (
  'prefix' => 'wpr',
  'licensing_servers' => 
  array (
    0 => 'https://dashboard.wpreset.com/api/',
  ),
  'version' => '2.04',
  'plugin_file' => 'C:\\xampp\\htdocs\\myPersonalSites\\devGithub\\wp-content\\plugins\\wp-reset\\wp-reset.php',
  'plugin_page' => 'tools_page_wp-reset',
  'skip_hooks' => false,
  'debug' => true,
  'js_folder' => 'http://localhost/myPersonalSites/devGithub/wp-content/plugins/wp-reset//js/',
)
array (
  'prefix' => 'wpr',
  'licensing_servers' => 
  array (
    0 => 'https://dashboard.wpreset.com/api/',
  ),
  'version' => '2.04',
  'slug' => 'wp-reset',
  'basename' => 'wp-reset/wp-reset.php',
  'plugin_page' => 'tools_page_wp-reset',
  'plugin_file' => 'C:\\xampp\\htdocs\\myPersonalSites\\devGithub\\wp-content\\plugins\\wp-reset\\wp-reset.php',
  'js_folder' => 'http://localhost/myPersonalSites/devGithub/wp-content/plugins/wp-reset//js/',
  'api_ver' => 'v1/',
  'valid_forever' => '2035-01-01',
  'unlimited_installs' => 99999,
  'debug' => true,
  'filesystem_initialized' => false,
)

[Sun, 27 Apr 2025 11:54:13 +0000] wpr: __construct
array (
  'prefix' => 'wpr',
  'licensing_servers' => 
  array (
    0 => 'https://dashboard.wpreset.com/api/',
  ),
  'version' => '2.04',
  'plugin_file' => 'C:\\xampp\\htdocs\\myPersonalSites\\devGithub\\wp-content\\plugins\\wp-reset\\wp-reset.php',
  'plugin_page' => 'tools_page_wp-reset',
  'skip_hooks' => false,
  'debug' => true,
  'js_folder' => 'http://localhost/myPersonalSites/devGithub/wp-content/plugins/wp-reset//js/',
)
array (
  'prefix' => 'wpr',
  'licensing_servers' => 
  array (
    0 => 'https://dashboard.wpreset.com/api/',
  ),
  'version' => '2.04',
  'slug' => 'wp-reset',
  'basename' => 'wp-reset/wp-reset.php',
  'plugin_page' => 'tools_page_wp-reset',
  'plugin_file' => 'C:\\xampp\\htdocs\\myPersonalSites\\devGithub\\wp-content\\plugins\\wp-reset\\wp-reset.php',
  'js_folder' => 'http://localhost/myPersonalSites/devGithub/wp-content/plugins/wp-reset//js/',
  'api_ver' => 'v1/',
  'valid_forever' => '2035-01-01',
  'unlimited_installs' => 99999,
  'debug' => true,
  'filesystem_initialized' => false,
)

[Sun, 27 Apr 2025 11:54:17 +0000] wpr: __construct
array (
  'prefix' => 'wpr',
  'licensing_servers' => 
  array (
    0 => 'https://dashboard.wpreset.com/api/',
  ),
  'version' => '2.04',
  'plugin_file' => 'C:\\xampp\\htdocs\\myPersonalSites\\devGithub\\wp-content\\plugins\\wp-reset\\wp-reset.php',
  'plugin_page' => 'tools_page_wp-reset',
  'skip_hooks' => false,
  'debug' => true,
  'js_folder' => 'http://localhost/myPersonalSites/devGithub/wp-content/plugins/wp-reset//js/',
)
array (
  'prefix' => 'wpr',
  'licensing_servers' => 
  array (
    0 => 'https://dashboard.wpreset.com/api/',
  ),
  'version' => '2.04',
  'slug' => 'wp-reset',
  'basename' => 'wp-reset/wp-reset.php',
  'plugin_page' => 'tools_page_wp-reset',
  'plugin_file' => 'C:\\xampp\\htdocs\\myPersonalSites\\devGithub\\wp-content\\plugins\\wp-reset\\wp-reset.php',
  'js_folder' => 'http://localhost/myPersonalSites/devGithub/wp-content/plugins/wp-reset//js/',
  'api_ver' => 'v1/',
  'valid_forever' => '2035-01-01',
  'unlimited_installs' => 99999,
  'debug' => true,
  'filesystem_initialized' => false,
)

[Sun, 27 Apr 2025 11:54:22 +0000] wpr: __construct
array (
  'prefix' => 'wpr',
  'licensing_servers' => 
  array (
    0 => 'https://dashboard.wpreset.com/api/',
  ),
  'version' => '2.04',
  'plugin_file' => 'C:\\xampp\\htdocs\\myPersonalSites\\devGithub\\wp-content\\plugins\\wp-reset\\wp-reset.php',
  'plugin_page' => 'tools_page_wp-reset',
  'skip_hooks' => false,
  'debug' => true,
  'js_folder' => 'http://localhost/myPersonalSites/devGithub/wp-content/plugins/wp-reset//js/',
)
array (
  'prefix' => 'wpr',
  'licensing_servers' => 
  array (
    0 => 'https://dashboard.wpreset.com/api/',
  ),
  'version' => '2.04',
  'slug' => 'wp-reset',
  'basename' => 'wp-reset/wp-reset.php',
  'plugin_page' => 'tools_page_wp-reset',
  'plugin_file' => 'C:\\xampp\\htdocs\\myPersonalSites\\devGithub\\wp-content\\plugins\\wp-reset\\wp-reset.php',
  'js_folder' => 'http://localhost/myPersonalSites/devGithub/wp-content/plugins/wp-reset//js/',
  'api_ver' => 'v1/',
  'valid_forever' => '2035-01-01',
  'unlimited_installs' => 99999,
  'debug' => true,
  'filesystem_initialized' => false,
)

[Sun, 27 Apr 2025 11:54:22 +0000] wpr: __construct
array (
  'prefix' => 'wpr',
  'licensing_servers' => 
  array (
    0 => 'https://dashboard.wpreset.com/api/',
  ),
  'version' => '2.04',
  'plugin_file' => 'C:\\xampp\\htdocs\\myPersonalSites\\devGithub\\wp-content\\plugins\\wp-reset\\wp-reset.php',
  'plugin_page' => 'tools_page_wp-reset',
  'skip_hooks' => false,
  'debug' => true,
  'js_folder' => 'http://localhost/myPersonalSites/devGithub/wp-content/plugins/wp-reset//js/',
)
array (
  'prefix' => 'wpr',
  'licensing_servers' => 
  array (
    0 => 'https://dashboard.wpreset.com/api/',
  ),
  'version' => '2.04',
  'slug' => 'wp-reset',
  'basename' => 'wp-reset/wp-reset.php',
  'plugin_page' => 'tools_page_wp-reset',
  'plugin_file' => 'C:\\xampp\\htdocs\\myPersonalSites\\devGithub\\wp-content\\plugins\\wp-reset\\wp-reset.php',
  'js_folder' => 'http://localhost/myPersonalSites/devGithub/wp-content/plugins/wp-reset//js/',
  'api_ver' => 'v1/',
  'valid_forever' => '2035-01-01',
  'unlimited_installs' => 99999,
  'debug' => true,
  'filesystem_initialized' => false,
)

[Sun, 27 Apr 2025 11:54:26 +0000] wpr: __construct
array (
  'prefix' => 'wpr',
  'licensing_servers' => 
  array (
    0 => 'https://dashboard.wpreset.com/api/',
  ),
  'version' => '2.04',
  'plugin_file' => 'C:\\xampp\\htdocs\\myPersonalSites\\devGithub\\wp-content\\plugins\\wp-reset\\wp-reset.php',
  'plugin_page' => 'tools_page_wp-reset',
  'skip_hooks' => false,
  'debug' => true,
  'js_folder' => 'http://localhost/myPersonalSites/devGithub/wp-content/plugins/wp-reset//js/',
)
array (
  'prefix' => 'wpr',
  'licensing_servers' => 
  array (
    0 => 'https://dashboard.wpreset.com/api/',
  ),
  'version' => '2.04',
  'slug' => 'wp-reset',
  'basename' => 'wp-reset/wp-reset.php',
  'plugin_page' => 'tools_page_wp-reset',
  'plugin_file' => 'C:\\xampp\\htdocs\\myPersonalSites\\devGithub\\wp-content\\plugins\\wp-reset\\wp-reset.php',
  'js_folder' => 'http://localhost/myPersonalSites/devGithub/wp-content/plugins/wp-reset//js/',
  'api_ver' => 'v1/',
  'valid_forever' => '2035-01-01',
  'unlimited_installs' => 99999,
  'debug' => true,
  'filesystem_initialized' => false,
)

[Sun, 27 Apr 2025 11:54:27 +0000] wpr: __construct
array (
  'prefix' => 'wpr',
  'licensing_servers' => 
  array (
    0 => 'https://dashboard.wpreset.com/api/',
  ),
  'version' => '2.04',
  'plugin_file' => 'C:\\xampp\\htdocs\\myPersonalSites\\devGithub\\wp-content\\plugins\\wp-reset\\wp-reset.php',
  'plugin_page' => 'tools_page_wp-reset',
  'skip_hooks' => false,
  'debug' => true,
  'js_folder' => 'http://localhost/myPersonalSites/devGithub/wp-content/plugins/wp-reset//js/',
)
array (
  'prefix' => 'wpr',
  'licensing_servers' => 
  array (
    0 => 'https://dashboard.wpreset.com/api/',
  ),
  'version' => '2.04',
  'slug' => 'wp-reset',
  'basename' => 'wp-reset/wp-reset.php',
  'plugin_page' => 'tools_page_wp-reset',
  'plugin_file' => 'C:\\xampp\\htdocs\\myPersonalSites\\devGithub\\wp-content\\plugins\\wp-reset\\wp-reset.php',
  'js_folder' => 'http://localhost/myPersonalSites/devGithub/wp-content/plugins/wp-reset//js/',
  'api_ver' => 'v1/',
  'valid_forever' => '2035-01-01',
  'unlimited_installs' => 99999,
  'debug' => true,
  'filesystem_initialized' => false,
)

[Sun, 27 Apr 2025 11:54:44 +0000] wpr: __construct
array (
  'prefix' => 'wpr',
  'licensing_servers' => 
  array (
    0 => 'https://dashboard.wpreset.com/api/',
  ),
  'version' => '2.04',
  'plugin_file' => 'C:\\xampp\\htdocs\\myPersonalSites\\devGithub\\wp-content\\plugins\\wp-reset\\wp-reset.php',
  'plugin_page' => 'tools_page_wp-reset',
  'skip_hooks' => false,
  'debug' => true,
  'js_folder' => 'http://localhost/myPersonalSites/devGithub/wp-content/plugins/wp-reset//js/',
)
array (
  'prefix' => 'wpr',
  'licensing_servers' => 
  array (
    0 => 'https://dashboard.wpreset.com/api/',
  ),
  'version' => '2.04',
  'slug' => 'wp-reset',
  'basename' => 'wp-reset/wp-reset.php',
  'plugin_page' => 'tools_page_wp-reset',
  'plugin_file' => 'C:\\xampp\\htdocs\\myPersonalSites\\devGithub\\wp-content\\plugins\\wp-reset\\wp-reset.php',
  'js_folder' => 'http://localhost/myPersonalSites/devGithub/wp-content/plugins/wp-reset//js/',
  'api_ver' => 'v1/',
  'valid_forever' => '2035-01-01',
  'unlimited_installs' => 99999,
  'debug' => true,
  'filesystem_initialized' => false,
)

[Sun, 27 Apr 2025 11:55:07 +0000] wpr: __construct
array (
  'prefix' => 'wpr',
  'licensing_servers' => 
  array (
    0 => 'https://dashboard.wpreset.com/api/',
  ),
  'version' => '2.04',
  'plugin_file' => 'C:\\xampp\\htdocs\\myPersonalSites\\devGithub\\wp-content\\plugins\\wp-reset\\wp-reset.php',
  'plugin_page' => 'tools_page_wp-reset',
  'skip_hooks' => false,
  'debug' => true,
  'js_folder' => 'http://localhost/myPersonalSites/devGithub/wp-content/plugins/wp-reset//js/',
)
array (
  'prefix' => 'wpr',
  'licensing_servers' => 
  array (
    0 => 'https://dashboard.wpreset.com/api/',
  ),
  'version' => '2.04',
  'slug' => 'wp-reset',
  'basename' => 'wp-reset/wp-reset.php',
  'plugin_page' => 'tools_page_wp-reset',
  'plugin_file' => 'C:\\xampp\\htdocs\\myPersonalSites\\devGithub\\wp-content\\plugins\\wp-reset\\wp-reset.php',
  'js_folder' => 'http://localhost/myPersonalSites/devGithub/wp-content/plugins/wp-reset//js/',
  'api_ver' => 'v1/',
  'valid_forever' => '2035-01-01',
  'unlimited_installs' => 99999,
  'debug' => true,
  'filesystem_initialized' => false,
)

[Sun, 27 Apr 2025 11:55:22 +0000] wpr: __construct
array (
  'prefix' => 'wpr',
  'licensing_servers' => 
  array (
    0 => 'https://dashboard.wpreset.com/api/',
  ),
  'version' => '2.04',
  'plugin_file' => 'C:\\xampp\\htdocs\\myPersonalSites\\devGithub\\wp-content\\plugins\\wp-reset\\wp-reset.php',
  'plugin_page' => 'tools_page_wp-reset',
  'skip_hooks' => false,
  'debug' => true,
  'js_folder' => 'http://localhost/myPersonalSites/devGithub/wp-content/plugins/wp-reset//js/',
)
array (
  'prefix' => 'wpr',
  'licensing_servers' => 
  array (
    0 => 'https://dashboard.wpreset.com/api/',
  ),
  'version' => '2.04',
  'slug' => 'wp-reset',
  'basename' => 'wp-reset/wp-reset.php',
  'plugin_page' => 'tools_page_wp-reset',
  'plugin_file' => 'C:\\xampp\\htdocs\\myPersonalSites\\devGithub\\wp-content\\plugins\\wp-reset\\wp-reset.php',
  'js_folder' => 'http://localhost/myPersonalSites/devGithub/wp-content/plugins/wp-reset//js/',
  'api_ver' => 'v1/',
  'valid_forever' => '2035-01-01',
  'unlimited_installs' => 99999,
  'debug' => true,
  'filesystem_initialized' => false,
)

[Sun, 27 Apr 2025 11:55:25 +0000] wpr: __construct
array (
  'prefix' => 'wpr',
  'licensing_servers' => 
  array (
    0 => 'https://dashboard.wpreset.com/api/',
  ),
  'version' => '2.04',
  'plugin_file' => 'C:\\xampp\\htdocs\\myPersonalSites\\devGithub\\wp-content\\plugins\\wp-reset\\wp-reset.php',
  'plugin_page' => 'tools_page_wp-reset',
  'skip_hooks' => false,
  'debug' => true,
  'js_folder' => 'http://localhost/myPersonalSites/devGithub/wp-content/plugins/wp-reset//js/',
)
array (
  'prefix' => 'wpr',
  'licensing_servers' => 
  array (
    0 => 'https://dashboard.wpreset.com/api/',
  ),
  'version' => '2.04',
  'slug' => 'wp-reset',
  'basename' => 'wp-reset/wp-reset.php',
  'plugin_page' => 'tools_page_wp-reset',
  'plugin_file' => 'C:\\xampp\\htdocs\\myPersonalSites\\devGithub\\wp-content\\plugins\\wp-reset\\wp-reset.php',
  'js_folder' => 'http://localhost/myPersonalSites/devGithub/wp-content/plugins/wp-reset//js/',
  'api_ver' => 'v1/',
  'valid_forever' => '2035-01-01',
  'unlimited_installs' => 99999,
  'debug' => true,
  'filesystem_initialized' => false,
)

[Sun, 27 Apr 2025 11:55:50 +0000] wpr: __construct
array (
  'prefix' => 'wpr',
  'licensing_servers' => 
  array (
    0 => 'https://dashboard.wpreset.com/api/',
  ),
  'version' => '2.04',
  'plugin_file' => 'C:\\xampp\\htdocs\\myPersonalSites\\devGithub\\wp-content\\plugins\\wp-reset\\wp-reset.php',
  'plugin_page' => 'tools_page_wp-reset',
  'skip_hooks' => false,
  'debug' => true,
  'js_folder' => 'http://localhost/myPersonalSites/devGithub/wp-content/plugins/wp-reset//js/',
)
array (
  'prefix' => 'wpr',
  'licensing_servers' => 
  array (
    0 => 'https://dashboard.wpreset.com/api/',
  ),
  'version' => '2.04',
  'slug' => 'wp-reset',
  'basename' => 'wp-reset/wp-reset.php',
  'plugin_page' => 'tools_page_wp-reset',
  'plugin_file' => 'C:\\xampp\\htdocs\\myPersonalSites\\devGithub\\wp-content\\plugins\\wp-reset\\wp-reset.php',
  'js_folder' => 'http://localhost/myPersonalSites/devGithub/wp-content/plugins/wp-reset//js/',
  'api_ver' => 'v1/',
  'valid_forever' => '2035-01-01',
  'unlimited_installs' => 99999,
  'debug' => true,
  'filesystem_initialized' => false,
)

[Sun, 27 Apr 2025 11:55:52 +0000] wpr: __construct
array (
  'prefix' => 'wpr',
  'licensing_servers' => 
  array (
    0 => 'https://dashboard.wpreset.com/api/',
  ),
  'version' => '2.04',
  'plugin_file' => 'C:\\xampp\\htdocs\\myPersonalSites\\devGithub\\wp-content\\plugins\\wp-reset\\wp-reset.php',
  'plugin_page' => 'tools_page_wp-reset',
  'skip_hooks' => false,
  'debug' => true,
  'js_folder' => 'http://localhost/myPersonalSites/devGithub/wp-content/plugins/wp-reset//js/',
)
array (
  'prefix' => 'wpr',
  'licensing_servers' => 
  array (
    0 => 'https://dashboard.wpreset.com/api/',
  ),
  'version' => '2.04',
  'slug' => 'wp-reset',
  'basename' => 'wp-reset/wp-reset.php',
  'plugin_page' => 'tools_page_wp-reset',
  'plugin_file' => 'C:\\xampp\\htdocs\\myPersonalSites\\devGithub\\wp-content\\plugins\\wp-reset\\wp-reset.php',
  'js_folder' => 'http://localhost/myPersonalSites/devGithub/wp-content/plugins/wp-reset//js/',
  'api_ver' => 'v1/',
  'valid_forever' => '2035-01-01',
  'unlimited_installs' => 99999,
  'debug' => true,
  'filesystem_initialized' => false,
)

[Sun, 27 Apr 2025 11:56:10 +0000] wpr: __construct
array (
  'prefix' => 'wpr',
  'licensing_servers' => 
  array (
    0 => 'https://dashboard.wpreset.com/api/',
  ),
  'version' => '2.04',
  'plugin_file' => 'C:\\xampp\\htdocs\\myPersonalSites\\devGithub\\wp-content\\plugins\\wp-reset\\wp-reset.php',
  'plugin_page' => 'tools_page_wp-reset',
  'skip_hooks' => false,
  'debug' => true,
  'js_folder' => 'http://localhost/myPersonalSites/devGithub/wp-content/plugins/wp-reset//js/',
)
array (
  'prefix' => 'wpr',
  'licensing_servers' => 
  array (
    0 => 'https://dashboard.wpreset.com/api/',
  ),
  'version' => '2.04',
  'slug' => 'wp-reset',
  'basename' => 'wp-reset/wp-reset.php',
  'plugin_page' => 'tools_page_wp-reset',
  'plugin_file' => 'C:\\xampp\\htdocs\\myPersonalSites\\devGithub\\wp-content\\plugins\\wp-reset\\wp-reset.php',
  'js_folder' => 'http://localhost/myPersonalSites/devGithub/wp-content/plugins/wp-reset//js/',
  'api_ver' => 'v1/',
  'valid_forever' => '2035-01-01',
  'unlimited_installs' => 99999,
  'debug' => true,
  'filesystem_initialized' => false,
)

[Sun, 27 Apr 2025 11:56:24 +0000] wpr: __construct
array (
  'prefix' => 'wpr',
  'licensing_servers' => 
  array (
    0 => 'https://dashboard.wpreset.com/api/',
  ),
  'version' => '2.04',
  'plugin_file' => 'C:\\xampp\\htdocs\\myPersonalSites\\devGithub\\wp-content\\plugins\\wp-reset\\wp-reset.php',
  'plugin_page' => 'tools_page_wp-reset',
  'skip_hooks' => false,
  'debug' => true,
  'js_folder' => 'http://localhost/myPersonalSites/devGithub/wp-content/plugins/wp-reset//js/',
)
array (
  'prefix' => 'wpr',
  'licensing_servers' => 
  array (
    0 => 'https://dashboard.wpreset.com/api/',
  ),
  'version' => '2.04',
  'slug' => 'wp-reset',
  'basename' => 'wp-reset/wp-reset.php',
  'plugin_page' => 'tools_page_wp-reset',
  'plugin_file' => 'C:\\xampp\\htdocs\\myPersonalSites\\devGithub\\wp-content\\plugins\\wp-reset\\wp-reset.php',
  'js_folder' => 'http://localhost/myPersonalSites/devGithub/wp-content/plugins/wp-reset//js/',
  'api_ver' => 'v1/',
  'valid_forever' => '2035-01-01',
  'unlimited_installs' => 99999,
  'debug' => true,
  'filesystem_initialized' => false,
)

[Sun, 27 Apr 2025 11:56:27 +0000] wpr: __construct
array (
  'prefix' => 'wpr',
  'licensing_servers' => 
  array (
    0 => 'https://dashboard.wpreset.com/api/',
  ),
  'version' => '2.04',
  'plugin_file' => 'C:\\xampp\\htdocs\\myPersonalSites\\devGithub\\wp-content\\plugins\\wp-reset\\wp-reset.php',
  'plugin_page' => 'tools_page_wp-reset',
  'skip_hooks' => false,
  'debug' => true,
  'js_folder' => 'http://localhost/myPersonalSites/devGithub/wp-content/plugins/wp-reset//js/',
)
array (
  'prefix' => 'wpr',
  'licensing_servers' => 
  array (
    0 => 'https://dashboard.wpreset.com/api/',
  ),
  'version' => '2.04',
  'slug' => 'wp-reset',
  'basename' => 'wp-reset/wp-reset.php',
  'plugin_page' => 'tools_page_wp-reset',
  'plugin_file' => 'C:\\xampp\\htdocs\\myPersonalSites\\devGithub\\wp-content\\plugins\\wp-reset\\wp-reset.php',
  'js_folder' => 'http://localhost/myPersonalSites/devGithub/wp-content/plugins/wp-reset//js/',
  'api_ver' => 'v1/',
  'valid_forever' => '2035-01-01',
  'unlimited_installs' => 99999,
  'debug' => true,
  'filesystem_initialized' => false,
)

[Sun, 27 Apr 2025 11:58:24 +0000] wpr: __construct
array (
  'prefix' => 'wpr',
  'licensing_servers' => 
  array (
    0 => 'https://dashboard.wpreset.com/api/',
  ),
  'version' => '2.04',
  'plugin_file' => 'C:\\xampp\\htdocs\\myPersonalSites\\devGithub\\wp-content\\plugins\\wp-reset\\wp-reset.php',
  'plugin_page' => 'tools_page_wp-reset',
  'skip_hooks' => false,
  'debug' => true,
  'js_folder' => 'http://localhost/myPersonalSites/devGithub/wp-content/plugins/wp-reset//js/',
)
array (
  'prefix' => 'wpr',
  'licensing_servers' => 
  array (
    0 => 'https://dashboard.wpreset.com/api/',
  ),
  'version' => '2.04',
  'slug' => 'wp-reset',
  'basename' => 'wp-reset/wp-reset.php',
  'plugin_page' => 'tools_page_wp-reset',
  'plugin_file' => 'C:\\xampp\\htdocs\\myPersonalSites\\devGithub\\wp-content\\plugins\\wp-reset\\wp-reset.php',
  'js_folder' => 'http://localhost/myPersonalSites/devGithub/wp-content/plugins/wp-reset//js/',
  'api_ver' => 'v1/',
  'valid_forever' => '2035-01-01',
  'unlimited_installs' => 99999,
  'debug' => true,
  'filesystem_initialized' => false,
)

[Sun, 27 Apr 2025 11:58:29 +0000] wpr: __construct
array (
  'prefix' => 'wpr',
  'licensing_servers' => 
  array (
    0 => 'https://dashboard.wpreset.com/api/',
  ),
  'version' => '2.04',
  'plugin_file' => 'C:\\xampp\\htdocs\\myPersonalSites\\devGithub\\wp-content\\plugins\\wp-reset\\wp-reset.php',
  'plugin_page' => 'tools_page_wp-reset',
  'skip_hooks' => false,
  'debug' => true,
  'js_folder' => 'http://localhost/myPersonalSites/devGithub/wp-content/plugins/wp-reset//js/',
)
array (
  'prefix' => 'wpr',
  'licensing_servers' => 
  array (
    0 => 'https://dashboard.wpreset.com/api/',
  ),
  'version' => '2.04',
  'slug' => 'wp-reset',
  'basename' => 'wp-reset/wp-reset.php',
  'plugin_page' => 'tools_page_wp-reset',
  'plugin_file' => 'C:\\xampp\\htdocs\\myPersonalSites\\devGithub\\wp-content\\plugins\\wp-reset\\wp-reset.php',
  'js_folder' => 'http://localhost/myPersonalSites/devGithub/wp-content/plugins/wp-reset//js/',
  'api_ver' => 'v1/',
  'valid_forever' => '2035-01-01',
  'unlimited_installs' => 99999,
  'debug' => true,
  'filesystem_initialized' => false,
)

[Sun, 27 Apr 2025 11:59:01 +0000] wpr: __construct
array (
  'prefix' => 'wpr',
  'licensing_servers' => 
  array (
    0 => 'https://dashboard.wpreset.com/api/',
  ),
  'version' => '2.04',
  'plugin_file' => 'C:\\xampp\\htdocs\\myPersonalSites\\devGithub\\wp-content\\plugins\\wp-reset\\wp-reset.php',
  'plugin_page' => 'tools_page_wp-reset',
  'skip_hooks' => false,
  'debug' => true,
  'js_folder' => 'http://localhost/myPersonalSites/devGithub/wp-content/plugins/wp-reset//js/',
)
array (
  'prefix' => 'wpr',
  'licensing_servers' => 
  array (
    0 => 'https://dashboard.wpreset.com/api/',
  ),
  'version' => '2.04',
  'slug' => 'wp-reset',
  'basename' => 'wp-reset/wp-reset.php',
  'plugin_page' => 'tools_page_wp-reset',
  'plugin_file' => 'C:\\xampp\\htdocs\\myPersonalSites\\devGithub\\wp-content\\plugins\\wp-reset\\wp-reset.php',
  'js_folder' => 'http://localhost/myPersonalSites/devGithub/wp-content/plugins/wp-reset//js/',
  'api_ver' => 'v1/',
  'valid_forever' => '2035-01-01',
  'unlimited_installs' => 99999,
  'debug' => true,
  'filesystem_initialized' => false,
)

[Sun, 27 Apr 2025 12:00:04 +0000] wpr: __construct
array (
  'prefix' => 'wpr',
  'licensing_servers' => 
  array (
    0 => 'https://dashboard.wpreset.com/api/',
  ),
  'version' => '2.04',
  'plugin_file' => 'C:\\xampp\\htdocs\\myPersonalSites\\devGithub\\wp-content\\plugins\\wp-reset\\wp-reset.php',
  'plugin_page' => 'tools_page_wp-reset',
  'skip_hooks' => false,
  'debug' => true,
  'js_folder' => 'http://localhost/myPersonalSites/devGithub/wp-content/plugins/wp-reset//js/',
)
array (
  'prefix' => 'wpr',
  'licensing_servers' => 
  array (
    0 => 'https://dashboard.wpreset.com/api/',
  ),
  'version' => '2.04',
  'slug' => 'wp-reset',
  'basename' => 'wp-reset/wp-reset.php',
  'plugin_page' => 'tools_page_wp-reset',
  'plugin_file' => 'C:\\xampp\\htdocs\\myPersonalSites\\devGithub\\wp-content\\plugins\\wp-reset\\wp-reset.php',
  'js_folder' => 'http://localhost/myPersonalSites/devGithub/wp-content/plugins/wp-reset//js/',
  'api_ver' => 'v1/',
  'valid_forever' => '2035-01-01',
  'unlimited_installs' => 99999,
  'debug' => true,
  'filesystem_initialized' => false,
)

[Sun, 27 Apr 2025 12:00:06 +0000] wpr: __construct
array (
  'prefix' => 'wpr',
  'licensing_servers' => 
  array (
    0 => 'https://dashboard.wpreset.com/api/',
  ),
  'version' => '2.04',
  'plugin_file' => 'C:\\xampp\\htdocs\\myPersonalSites\\devGithub\\wp-content\\plugins\\wp-reset\\wp-reset.php',
  'plugin_page' => 'tools_page_wp-reset',
  'skip_hooks' => false,
  'debug' => true,
  'js_folder' => 'http://localhost/myPersonalSites/devGithub/wp-content/plugins/wp-reset//js/',
)
array (
  'prefix' => 'wpr',
  'licensing_servers' => 
  array (
    0 => 'https://dashboard.wpreset.com/api/',
  ),
  'version' => '2.04',
  'slug' => 'wp-reset',
  'basename' => 'wp-reset/wp-reset.php',
  'plugin_page' => 'tools_page_wp-reset',
  'plugin_file' => 'C:\\xampp\\htdocs\\myPersonalSites\\devGithub\\wp-content\\plugins\\wp-reset\\wp-reset.php',
  'js_folder' => 'http://localhost/myPersonalSites/devGithub/wp-content/plugins/wp-reset//js/',
  'api_ver' => 'v1/',
  'valid_forever' => '2035-01-01',
  'unlimited_installs' => 99999,
  'debug' => true,
  'filesystem_initialized' => false,
)

[Sun, 27 Apr 2025 12:00:13 +0000] wpr: __construct
array (
  'prefix' => 'wpr',
  'licensing_servers' => 
  array (
    0 => 'https://dashboard.wpreset.com/api/',
  ),
  'version' => '2.04',
  'plugin_file' => 'C:\\xampp\\htdocs\\myPersonalSites\\devGithub\\wp-content\\plugins\\wp-reset\\wp-reset.php',
  'plugin_page' => 'tools_page_wp-reset',
  'skip_hooks' => false,
  'debug' => true,
  'js_folder' => 'http://localhost/myPersonalSites/devGithub/wp-content/plugins/wp-reset//js/',
)
array (
  'prefix' => 'wpr',
  'licensing_servers' => 
  array (
    0 => 'https://dashboard.wpreset.com/api/',
  ),
  'version' => '2.04',
  'slug' => 'wp-reset',
  'basename' => 'wp-reset/wp-reset.php',
  'plugin_page' => 'tools_page_wp-reset',
  'plugin_file' => 'C:\\xampp\\htdocs\\myPersonalSites\\devGithub\\wp-content\\plugins\\wp-reset\\wp-reset.php',
  'js_folder' => 'http://localhost/myPersonalSites/devGithub/wp-content/plugins/wp-reset//js/',
  'api_ver' => 'v1/',
  'valid_forever' => '2035-01-01',
  'unlimited_installs' => 99999,
  'debug' => true,
  'filesystem_initialized' => false,
)

[Sun, 27 Apr 2025 12:00:23 +0000] wpr: __construct
array (
  'prefix' => 'wpr',
  'licensing_servers' => 
  array (
    0 => 'https://dashboard.wpreset.com/api/',
  ),
  'version' => '2.04',
  'plugin_file' => 'C:\\xampp\\htdocs\\myPersonalSites\\devGithub\\wp-content\\plugins\\wp-reset\\wp-reset.php',
  'plugin_page' => 'tools_page_wp-reset',
  'skip_hooks' => false,
  'debug' => true,
  'js_folder' => 'http://localhost/myPersonalSites/devGithub/wp-content/plugins/wp-reset//js/',
)
array (
  'prefix' => 'wpr',
  'licensing_servers' => 
  array (
    0 => 'https://dashboard.wpreset.com/api/',
  ),
  'version' => '2.04',
  'slug' => 'wp-reset',
  'basename' => 'wp-reset/wp-reset.php',
  'plugin_page' => 'tools_page_wp-reset',
  'plugin_file' => 'C:\\xampp\\htdocs\\myPersonalSites\\devGithub\\wp-content\\plugins\\wp-reset\\wp-reset.php',
  'js_folder' => 'http://localhost/myPersonalSites/devGithub/wp-content/plugins/wp-reset//js/',
  'api_ver' => 'v1/',
  'valid_forever' => '2035-01-01',
  'unlimited_installs' => 99999,
  'debug' => true,
  'filesystem_initialized' => false,
)

[Sun, 27 Apr 2025 12:00:26 +0000] wpr: __construct
array (
  'prefix' => 'wpr',
  'licensing_servers' => 
  array (
    0 => 'https://dashboard.wpreset.com/api/',
  ),
  'version' => '2.04',
  'plugin_file' => 'C:\\xampp\\htdocs\\myPersonalSites\\devGithub\\wp-content\\plugins\\wp-reset\\wp-reset.php',
  'plugin_page' => 'tools_page_wp-reset',
  'skip_hooks' => false,
  'debug' => true,
  'js_folder' => 'http://localhost/myPersonalSites/devGithub/wp-content/plugins/wp-reset//js/',
)
array (
  'prefix' => 'wpr',
  'licensing_servers' => 
  array (
    0 => 'https://dashboard.wpreset.com/api/',
  ),
  'version' => '2.04',
  'slug' => 'wp-reset',
  'basename' => 'wp-reset/wp-reset.php',
  'plugin_page' => 'tools_page_wp-reset',
  'plugin_file' => 'C:\\xampp\\htdocs\\myPersonalSites\\devGithub\\wp-content\\plugins\\wp-reset\\wp-reset.php',
  'js_folder' => 'http://localhost/myPersonalSites/devGithub/wp-content/plugins/wp-reset//js/',
  'api_ver' => 'v1/',
  'valid_forever' => '2035-01-01',
  'unlimited_installs' => 99999,
  'debug' => true,
  'filesystem_initialized' => false,
)

[Sun, 27 Apr 2025 12:01:05 +0000] wpr: __construct
array (
  'prefix' => 'wpr',
  'licensing_servers' => 
  array (
    0 => 'https://dashboard.wpreset.com/api/',
  ),
  'version' => '2.04',
  'plugin_file' => 'C:\\xampp\\htdocs\\myPersonalSites\\devGithub\\wp-content\\plugins\\wp-reset\\wp-reset.php',
  'plugin_page' => 'tools_page_wp-reset',
  'skip_hooks' => false,
  'debug' => true,
  'js_folder' => 'http://localhost/myPersonalSites/devGithub/wp-content/plugins/wp-reset//js/',
)
array (
  'prefix' => 'wpr',
  'licensing_servers' => 
  array (
    0 => 'https://dashboard.wpreset.com/api/',
  ),
  'version' => '2.04',
  'slug' => 'wp-reset',
  'basename' => 'wp-reset/wp-reset.php',
  'plugin_page' => 'tools_page_wp-reset',
  'plugin_file' => 'C:\\xampp\\htdocs\\myPersonalSites\\devGithub\\wp-content\\plugins\\wp-reset\\wp-reset.php',
  'js_folder' => 'http://localhost/myPersonalSites/devGithub/wp-content/plugins/wp-reset//js/',
  'api_ver' => 'v1/',
  'valid_forever' => '2035-01-01',
  'unlimited_installs' => 99999,
  'debug' => true,
  'filesystem_initialized' => false,
)

[Sun, 27 Apr 2025 12:01:09 +0000] wpr: __construct
array (
  'prefix' => 'wpr',
  'licensing_servers' => 
  array (
    0 => 'https://dashboard.wpreset.com/api/',
  ),
  'version' => '2.04',
  'plugin_file' => 'C:\\xampp\\htdocs\\myPersonalSites\\devGithub\\wp-content\\plugins\\wp-reset\\wp-reset.php',
  'plugin_page' => 'tools_page_wp-reset',
  'skip_hooks' => false,
  'debug' => true,
  'js_folder' => 'http://localhost/myPersonalSites/devGithub/wp-content/plugins/wp-reset//js/',
)
array (
  'prefix' => 'wpr',
  'licensing_servers' => 
  array (
    0 => 'https://dashboard.wpreset.com/api/',
  ),
  'version' => '2.04',
  'slug' => 'wp-reset',
  'basename' => 'wp-reset/wp-reset.php',
  'plugin_page' => 'tools_page_wp-reset',
  'plugin_file' => 'C:\\xampp\\htdocs\\myPersonalSites\\devGithub\\wp-content\\plugins\\wp-reset\\wp-reset.php',
  'js_folder' => 'http://localhost/myPersonalSites/devGithub/wp-content/plugins/wp-reset//js/',
  'api_ver' => 'v1/',
  'valid_forever' => '2035-01-01',
  'unlimited_installs' => 99999,
  'debug' => true,
  'filesystem_initialized' => false,
)

[Sun, 27 Apr 2025 12:01:12 +0000] wpr: __construct
array (
  'prefix' => 'wpr',
  'licensing_servers' => 
  array (
    0 => 'https://dashboard.wpreset.com/api/',
  ),
  'version' => '2.04',
  'plugin_file' => 'C:\\xampp\\htdocs\\myPersonalSites\\devGithub\\wp-content\\plugins\\wp-reset\\wp-reset.php',
  'plugin_page' => 'tools_page_wp-reset',
  'skip_hooks' => false,
  'debug' => true,
  'js_folder' => 'http://localhost/myPersonalSites/devGithub/wp-content/plugins/wp-reset//js/',
)
array (
  'prefix' => 'wpr',
  'licensing_servers' => 
  array (
    0 => 'https://dashboard.wpreset.com/api/',
  ),
  'version' => '2.04',
  'slug' => 'wp-reset',
  'basename' => 'wp-reset/wp-reset.php',
  'plugin_page' => 'tools_page_wp-reset',
  'plugin_file' => 'C:\\xampp\\htdocs\\myPersonalSites\\devGithub\\wp-content\\plugins\\wp-reset\\wp-reset.php',
  'js_folder' => 'http://localhost/myPersonalSites/devGithub/wp-content/plugins/wp-reset//js/',
  'api_ver' => 'v1/',
  'valid_forever' => '2035-01-01',
  'unlimited_installs' => 99999,
  'debug' => true,
  'filesystem_initialized' => false,
)

[Sun, 27 Apr 2025 12:01:26 +0000] wpr: __construct
array (
  'prefix' => 'wpr',
  'licensing_servers' => 
  array (
    0 => 'https://dashboard.wpreset.com/api/',
  ),
  'version' => '2.04',
  'plugin_file' => 'C:\\xampp\\htdocs\\myPersonalSites\\devGithub\\wp-content\\plugins\\wp-reset\\wp-reset.php',
  'plugin_page' => 'tools_page_wp-reset',
  'skip_hooks' => false,
  'debug' => true,
  'js_folder' => 'http://localhost/myPersonalSites/devGithub/wp-content/plugins/wp-reset//js/',
)
array (
  'prefix' => 'wpr',
  'licensing_servers' => 
  array (
    0 => 'https://dashboard.wpreset.com/api/',
  ),
  'version' => '2.04',
  'slug' => 'wp-reset',
  'basename' => 'wp-reset/wp-reset.php',
  'plugin_page' => 'tools_page_wp-reset',
  'plugin_file' => 'C:\\xampp\\htdocs\\myPersonalSites\\devGithub\\wp-content\\plugins\\wp-reset\\wp-reset.php',
  'js_folder' => 'http://localhost/myPersonalSites/devGithub/wp-content/plugins/wp-reset//js/',
  'api_ver' => 'v1/',
  'valid_forever' => '2035-01-01',
  'unlimited_installs' => 99999,
  'debug' => true,
  'filesystem_initialized' => false,
)

[Sun, 27 Apr 2025 12:02:05 +0000] wpr: __construct
array (
  'prefix' => 'wpr',
  'licensing_servers' => 
  array (
    0 => 'https://dashboard.wpreset.com/api/',
  ),
  'version' => '2.04',
  'plugin_file' => 'C:\\xampp\\htdocs\\myPersonalSites\\devGithub\\wp-content\\plugins\\wp-reset\\wp-reset.php',
  'plugin_page' => 'tools_page_wp-reset',
  'skip_hooks' => false,
  'debug' => true,
  'js_folder' => 'http://localhost/myPersonalSites/devGithub/wp-content/plugins/wp-reset//js/',
)
array (
  'prefix' => 'wpr',
  'licensing_servers' => 
  array (
    0 => 'https://dashboard.wpreset.com/api/',
  ),
  'version' => '2.04',
  'slug' => 'wp-reset',
  'basename' => 'wp-reset/wp-reset.php',
  'plugin_page' => 'tools_page_wp-reset',
  'plugin_file' => 'C:\\xampp\\htdocs\\myPersonalSites\\devGithub\\wp-content\\plugins\\wp-reset\\wp-reset.php',
  'js_folder' => 'http://localhost/myPersonalSites/devGithub/wp-content/plugins/wp-reset//js/',
  'api_ver' => 'v1/',
  'valid_forever' => '2035-01-01',
  'unlimited_installs' => 99999,
  'debug' => true,
  'filesystem_initialized' => false,
)

[Sun, 27 Apr 2025 12:02:26 +0000] wpr: __construct
array (
  'prefix' => 'wpr',
  'licensing_servers' => 
  array (
    0 => 'https://dashboard.wpreset.com/api/',
  ),
  'version' => '2.04',
  'plugin_file' => 'C:\\xampp\\htdocs\\myPersonalSites\\devGithub\\wp-content\\plugins\\wp-reset\\wp-reset.php',
  'plugin_page' => 'tools_page_wp-reset',
  'skip_hooks' => false,
  'debug' => true,
  'js_folder' => 'http://localhost/myPersonalSites/devGithub/wp-content/plugins/wp-reset//js/',
)
array (
  'prefix' => 'wpr',
  'licensing_servers' => 
  array (
    0 => 'https://dashboard.wpreset.com/api/',
  ),
  'version' => '2.04',
  'slug' => 'wp-reset',
  'basename' => 'wp-reset/wp-reset.php',
  'plugin_page' => 'tools_page_wp-reset',
  'plugin_file' => 'C:\\xampp\\htdocs\\myPersonalSites\\devGithub\\wp-content\\plugins\\wp-reset\\wp-reset.php',
  'js_folder' => 'http://localhost/myPersonalSites/devGithub/wp-content/plugins/wp-reset//js/',
  'api_ver' => 'v1/',
  'valid_forever' => '2035-01-01',
  'unlimited_installs' => 99999,
  'debug' => true,
  'filesystem_initialized' => false,
)

[Sun, 27 Apr 2025 12:02:29 +0000] wpr: __construct
array (
  'prefix' => 'wpr',
  'licensing_servers' => 
  array (
    0 => 'https://dashboard.wpreset.com/api/',
  ),
  'version' => '2.04',
  'plugin_file' => 'C:\\xampp\\htdocs\\myPersonalSites\\devGithub\\wp-content\\plugins\\wp-reset\\wp-reset.php',
  'plugin_page' => 'tools_page_wp-reset',
  'skip_hooks' => false,
  'debug' => true,
  'js_folder' => 'http://localhost/myPersonalSites/devGithub/wp-content/plugins/wp-reset//js/',
)
array (
  'prefix' => 'wpr',
  'licensing_servers' => 
  array (
    0 => 'https://dashboard.wpreset.com/api/',
  ),
  'version' => '2.04',
  'slug' => 'wp-reset',
  'basename' => 'wp-reset/wp-reset.php',
  'plugin_page' => 'tools_page_wp-reset',
  'plugin_file' => 'C:\\xampp\\htdocs\\myPersonalSites\\devGithub\\wp-content\\plugins\\wp-reset\\wp-reset.php',
  'js_folder' => 'http://localhost/myPersonalSites/devGithub/wp-content/plugins/wp-reset//js/',
  'api_ver' => 'v1/',
  'valid_forever' => '2035-01-01',
  'unlimited_installs' => 99999,
  'debug' => true,
  'filesystem_initialized' => false,
)

[Sun, 27 Apr 2025 12:02:30 +0000] wpr: __construct
array (
  'prefix' => 'wpr',
  'licensing_servers' => 
  array (
    0 => 'https://dashboard.wpreset.com/api/',
  ),
  'version' => '2.04',
  'plugin_file' => 'C:\\xampp\\htdocs\\myPersonalSites\\devGithub\\wp-content\\plugins\\wp-reset\\wp-reset.php',
  'plugin_page' => 'tools_page_wp-reset',
  'skip_hooks' => false,
  'debug' => true,
  'js_folder' => 'http://localhost/myPersonalSites/devGithub/wp-content/plugins/wp-reset//js/',
)
array (
  'prefix' => 'wpr',
  'licensing_servers' => 
  array (
    0 => 'https://dashboard.wpreset.com/api/',
  ),
  'version' => '2.04',
  'slug' => 'wp-reset',
  'basename' => 'wp-reset/wp-reset.php',
  'plugin_page' => 'tools_page_wp-reset',
  'plugin_file' => 'C:\\xampp\\htdocs\\myPersonalSites\\devGithub\\wp-content\\plugins\\wp-reset\\wp-reset.php',
  'js_folder' => 'http://localhost/myPersonalSites/devGithub/wp-content/plugins/wp-reset//js/',
  'api_ver' => 'v1/',
  'valid_forever' => '2035-01-01',
  'unlimited_installs' => 99999,
  'debug' => true,
  'filesystem_initialized' => false,
)

[Sun, 27 Apr 2025 12:02:33 +0000] wpr: __construct
array (
  'prefix' => 'wpr',
  'licensing_servers' => 
  array (
    0 => 'https://dashboard.wpreset.com/api/',
  ),
  'version' => '2.04',
  'plugin_file' => 'C:\\xampp\\htdocs\\myPersonalSites\\devGithub\\wp-content\\plugins\\wp-reset\\wp-reset.php',
  'plugin_page' => 'tools_page_wp-reset',
  'skip_hooks' => false,
  'debug' => true,
  'js_folder' => 'http://localhost/myPersonalSites/devGithub/wp-content/plugins/wp-reset//js/',
)
array (
  'prefix' => 'wpr',
  'licensing_servers' => 
  array (
    0 => 'https://dashboard.wpreset.com/api/',
  ),
  'version' => '2.04',
  'slug' => 'wp-reset',
  'basename' => 'wp-reset/wp-reset.php',
  'plugin_page' => 'tools_page_wp-reset',
  'plugin_file' => 'C:\\xampp\\htdocs\\myPersonalSites\\devGithub\\wp-content\\plugins\\wp-reset\\wp-reset.php',
  'js_folder' => 'http://localhost/myPersonalSites/devGithub/wp-content/plugins/wp-reset//js/',
  'api_ver' => 'v1/',
  'valid_forever' => '2035-01-01',
  'unlimited_installs' => 99999,
  'debug' => true,
  'filesystem_initialized' => false,
)

[Sun, 27 Apr 2025 12:02:39 +0000] wpr: __construct
array (
  'prefix' => 'wpr',
  'licensing_servers' => 
  array (
    0 => 'https://dashboard.wpreset.com/api/',
  ),
  'version' => '2.04',
  'plugin_file' => 'C:\\xampp\\htdocs\\myPersonalSites\\devGithub\\wp-content\\plugins\\wp-reset\\wp-reset.php',
  'plugin_page' => 'tools_page_wp-reset',
  'skip_hooks' => false,
  'debug' => true,
  'js_folder' => 'http://localhost/myPersonalSites/devGithub/wp-content/plugins/wp-reset//js/',
)
array (
  'prefix' => 'wpr',
  'licensing_servers' => 
  array (
    0 => 'https://dashboard.wpreset.com/api/',
  ),
  'version' => '2.04',
  'slug' => 'wp-reset',
  'basename' => 'wp-reset/wp-reset.php',
  'plugin_page' => 'tools_page_wp-reset',
  'plugin_file' => 'C:\\xampp\\htdocs\\myPersonalSites\\devGithub\\wp-content\\plugins\\wp-reset\\wp-reset.php',
  'js_folder' => 'http://localhost/myPersonalSites/devGithub/wp-content/plugins/wp-reset//js/',
  'api_ver' => 'v1/',
  'valid_forever' => '2035-01-01',
  'unlimited_installs' => 99999,
  'debug' => true,
  'filesystem_initialized' => false,
)

[Sun, 27 Apr 2025 12:03:06 +0000] wpr: __construct
array (
  'prefix' => 'wpr',
  'licensing_servers' => 
  array (
    0 => 'https://dashboard.wpreset.com/api/',
  ),
  'version' => '2.04',
  'plugin_file' => 'C:\\xampp\\htdocs\\myPersonalSites\\devGithub\\wp-content\\plugins\\wp-reset\\wp-reset.php',
  'plugin_page' => 'tools_page_wp-reset',
  'skip_hooks' => false,
  'debug' => true,
  'js_folder' => 'http://localhost/myPersonalSites/devGithub/wp-content/plugins/wp-reset//js/',
)
array (
  'prefix' => 'wpr',
  'licensing_servers' => 
  array (
    0 => 'https://dashboard.wpreset.com/api/',
  ),
  'version' => '2.04',
  'slug' => 'wp-reset',
  'basename' => 'wp-reset/wp-reset.php',
  'plugin_page' => 'tools_page_wp-reset',
  'plugin_file' => 'C:\\xampp\\htdocs\\myPersonalSites\\devGithub\\wp-content\\plugins\\wp-reset\\wp-reset.php',
  'js_folder' => 'http://localhost/myPersonalSites/devGithub/wp-content/plugins/wp-reset//js/',
  'api_ver' => 'v1/',
  'valid_forever' => '2035-01-01',
  'unlimited_installs' => 99999,
  'debug' => true,
  'filesystem_initialized' => false,
)

[Sun, 27 Apr 2025 12:03:10 +0000] wpr: __construct
array (
  'prefix' => 'wpr',
  'licensing_servers' => 
  array (
    0 => 'https://dashboard.wpreset.com/api/',
  ),
  'version' => '2.04',
  'plugin_file' => 'C:\\xampp\\htdocs\\myPersonalSites\\devGithub\\wp-content\\plugins\\wp-reset\\wp-reset.php',
  'plugin_page' => 'tools_page_wp-reset',
  'skip_hooks' => false,
  'debug' => true,
  'js_folder' => 'http://localhost/myPersonalSites/devGithub/wp-content/plugins/wp-reset//js/',
)
array (
  'prefix' => 'wpr',
  'licensing_servers' => 
  array (
    0 => 'https://dashboard.wpreset.com/api/',
  ),
  'version' => '2.04',
  'slug' => 'wp-reset',
  'basename' => 'wp-reset/wp-reset.php',
  'plugin_page' => 'tools_page_wp-reset',
  'plugin_file' => 'C:\\xampp\\htdocs\\myPersonalSites\\devGithub\\wp-content\\plugins\\wp-reset\\wp-reset.php',
  'js_folder' => 'http://localhost/myPersonalSites/devGithub/wp-content/plugins/wp-reset//js/',
  'api_ver' => 'v1/',
  'valid_forever' => '2035-01-01',
  'unlimited_installs' => 99999,
  'debug' => true,
  'filesystem_initialized' => false,
)

[Sun, 27 Apr 2025 12:03:20 +0000] wpr: __construct
array (
  'prefix' => 'wpr',
  'licensing_servers' => 
  array (
    0 => 'https://dashboard.wpreset.com/api/',
  ),
  'version' => '2.04',
  'plugin_file' => 'C:\\xampp\\htdocs\\myPersonalSites\\devGithub\\wp-content\\plugins\\wp-reset\\wp-reset.php',
  'plugin_page' => 'tools_page_wp-reset',
  'skip_hooks' => false,
  'debug' => true,
  'js_folder' => 'http://localhost/myPersonalSites/devGithub/wp-content/plugins/wp-reset//js/',
)
array (
  'prefix' => 'wpr',
  'licensing_servers' => 
  array (
    0 => 'https://dashboard.wpreset.com/api/',
  ),
  'version' => '2.04',
  'slug' => 'wp-reset',
  'basename' => 'wp-reset/wp-reset.php',
  'plugin_page' => 'tools_page_wp-reset',
  'plugin_file' => 'C:\\xampp\\htdocs\\myPersonalSites\\devGithub\\wp-content\\plugins\\wp-reset\\wp-reset.php',
  'js_folder' => 'http://localhost/myPersonalSites/devGithub/wp-content/plugins/wp-reset//js/',
  'api_ver' => 'v1/',
  'valid_forever' => '2035-01-01',
  'unlimited_installs' => 99999,
  'debug' => true,
  'filesystem_initialized' => false,
)

[Sun, 27 Apr 2025 12:04:14 +0000] wpr: __construct
array (
  'prefix' => 'wpr',
  'licensing_servers' => 
  array (
    0 => 'https://dashboard.wpreset.com/api/',
  ),
  'version' => '2.04',
  'plugin_file' => 'C:\\xampp\\htdocs\\myPersonalSites\\devGithub\\wp-content\\plugins\\wp-reset\\wp-reset.php',
  'plugin_page' => 'tools_page_wp-reset',
  'skip_hooks' => false,
  'debug' => true,
  'js_folder' => 'http://localhost/myPersonalSites/devGithub/wp-content/plugins/wp-reset//js/',
)
array (
  'prefix' => 'wpr',
  'licensing_servers' => 
  array (
    0 => 'https://dashboard.wpreset.com/api/',
  ),
  'version' => '2.04',
  'slug' => 'wp-reset',
  'basename' => 'wp-reset/wp-reset.php',
  'plugin_page' => 'tools_page_wp-reset',
  'plugin_file' => 'C:\\xampp\\htdocs\\myPersonalSites\\devGithub\\wp-content\\plugins\\wp-reset\\wp-reset.php',
  'js_folder' => 'http://localhost/myPersonalSites/devGithub/wp-content/plugins/wp-reset//js/',
  'api_ver' => 'v1/',
  'valid_forever' => '2035-01-01',
  'unlimited_installs' => 99999,
  'debug' => true,
  'filesystem_initialized' => false,
)

[Sun, 27 Apr 2025 12:04:27 +0000] wpr: __construct
array (
  'prefix' => 'wpr',
  'licensing_servers' => 
  array (
    0 => 'https://dashboard.wpreset.com/api/',
  ),
  'version' => '2.04',
  'plugin_file' => 'C:\\xampp\\htdocs\\myPersonalSites\\devGithub\\wp-content\\plugins\\wp-reset\\wp-reset.php',
  'plugin_page' => 'tools_page_wp-reset',
  'skip_hooks' => false,
  'debug' => true,
  'js_folder' => 'http://localhost/myPersonalSites/devGithub/wp-content/plugins/wp-reset//js/',
)
array (
  'prefix' => 'wpr',
  'licensing_servers' => 
  array (
    0 => 'https://dashboard.wpreset.com/api/',
  ),
  'version' => '2.04',
  'slug' => 'wp-reset',
  'basename' => 'wp-reset/wp-reset.php',
  'plugin_page' => 'tools_page_wp-reset',
  'plugin_file' => 'C:\\xampp\\htdocs\\myPersonalSites\\devGithub\\wp-content\\plugins\\wp-reset\\wp-reset.php',
  'js_folder' => 'http://localhost/myPersonalSites/devGithub/wp-content/plugins/wp-reset//js/',
  'api_ver' => 'v1/',
  'valid_forever' => '2035-01-01',
  'unlimited_installs' => 99999,
  'debug' => true,
  'filesystem_initialized' => false,
)

[Sun, 27 Apr 2025 12:04:29 +0000] wpr: __construct
array (
  'prefix' => 'wpr',
  'licensing_servers' => 
  array (
    0 => 'https://dashboard.wpreset.com/api/',
  ),
  'version' => '2.04',
  'plugin_file' => 'C:\\xampp\\htdocs\\myPersonalSites\\devGithub\\wp-content\\plugins\\wp-reset\\wp-reset.php',
  'plugin_page' => 'tools_page_wp-reset',
  'skip_hooks' => false,
  'debug' => true,
  'js_folder' => 'http://localhost/myPersonalSites/devGithub/wp-content/plugins/wp-reset//js/',
)
array (
  'prefix' => 'wpr',
  'licensing_servers' => 
  array (
    0 => 'https://dashboard.wpreset.com/api/',
  ),
  'version' => '2.04',
  'slug' => 'wp-reset',
  'basename' => 'wp-reset/wp-reset.php',
  'plugin_page' => 'tools_page_wp-reset',
  'plugin_file' => 'C:\\xampp\\htdocs\\myPersonalSites\\devGithub\\wp-content\\plugins\\wp-reset\\wp-reset.php',
  'js_folder' => 'http://localhost/myPersonalSites/devGithub/wp-content/plugins/wp-reset//js/',
  'api_ver' => 'v1/',
  'valid_forever' => '2035-01-01',
  'unlimited_installs' => 99999,
  'debug' => true,
  'filesystem_initialized' => false,
)

[Sun, 27 Apr 2025 12:04:52 +0000] wpr: __construct
array (
  'prefix' => 'wpr',
  'licensing_servers' => 
  array (
    0 => 'https://dashboard.wpreset.com/api/',
  ),
  'version' => '2.04',
  'plugin_file' => 'C:\\xampp\\htdocs\\myPersonalSites\\devGithub\\wp-content\\plugins\\wp-reset\\wp-reset.php',
  'plugin_page' => 'tools_page_wp-reset',
  'skip_hooks' => false,
  'debug' => true,
  'js_folder' => 'http://localhost/myPersonalSites/devGithub/wp-content/plugins/wp-reset//js/',
)
array (
  'prefix' => 'wpr',
  'licensing_servers' => 
  array (
    0 => 'https://dashboard.wpreset.com/api/',
  ),
  'version' => '2.04',
  'slug' => 'wp-reset',
  'basename' => 'wp-reset/wp-reset.php',
  'plugin_page' => 'tools_page_wp-reset',
  'plugin_file' => 'C:\\xampp\\htdocs\\myPersonalSites\\devGithub\\wp-content\\plugins\\wp-reset\\wp-reset.php',
  'js_folder' => 'http://localhost/myPersonalSites/devGithub/wp-content/plugins/wp-reset//js/',
  'api_ver' => 'v1/',
  'valid_forever' => '2035-01-01',
  'unlimited_installs' => 99999,
  'debug' => true,
  'filesystem_initialized' => false,
)

[Sun, 27 Apr 2025 12:05:18 +0000] wpr: __construct
array (
  'prefix' => 'wpr',
  'licensing_servers' => 
  array (
    0 => 'https://dashboard.wpreset.com/api/',
  ),
  'version' => '2.04',
  'plugin_file' => 'C:\\xampp\\htdocs\\myPersonalSites\\devGithub\\wp-content\\plugins\\wp-reset\\wp-reset.php',
  'plugin_page' => 'tools_page_wp-reset',
  'skip_hooks' => false,
  'debug' => true,
  'js_folder' => 'http://localhost/myPersonalSites/devGithub/wp-content/plugins/wp-reset//js/',
)
array (
  'prefix' => 'wpr',
  'licensing_servers' => 
  array (
    0 => 'https://dashboard.wpreset.com/api/',
  ),
  'version' => '2.04',
  'slug' => 'wp-reset',
  'basename' => 'wp-reset/wp-reset.php',
  'plugin_page' => 'tools_page_wp-reset',
  'plugin_file' => 'C:\\xampp\\htdocs\\myPersonalSites\\devGithub\\wp-content\\plugins\\wp-reset\\wp-reset.php',
  'js_folder' => 'http://localhost/myPersonalSites/devGithub/wp-content/plugins/wp-reset//js/',
  'api_ver' => 'v1/',
  'valid_forever' => '2035-01-01',
  'unlimited_installs' => 99999,
  'debug' => true,
  'filesystem_initialized' => false,
)

[Sun, 27 Apr 2025 12:06:18 +0000] wpr: __construct
array (
  'prefix' => 'wpr',
  'licensing_servers' => 
  array (
    0 => 'https://dashboard.wpreset.com/api/',
  ),
  'version' => '2.04',
  'plugin_file' => 'C:\\xampp\\htdocs\\myPersonalSites\\devGithub\\wp-content\\plugins\\wp-reset\\wp-reset.php',
  'plugin_page' => 'tools_page_wp-reset',
  'skip_hooks' => false,
  'debug' => true,
  'js_folder' => 'http://localhost/myPersonalSites/devGithub/wp-content/plugins/wp-reset//js/',
)
array (
  'prefix' => 'wpr',
  'licensing_servers' => 
  array (
    0 => 'https://dashboard.wpreset.com/api/',
  ),
  'version' => '2.04',
  'slug' => 'wp-reset',
  'basename' => 'wp-reset/wp-reset.php',
  'plugin_page' => 'tools_page_wp-reset',
  'plugin_file' => 'C:\\xampp\\htdocs\\myPersonalSites\\devGithub\\wp-content\\plugins\\wp-reset\\wp-reset.php',
  'js_folder' => 'http://localhost/myPersonalSites/devGithub/wp-content/plugins/wp-reset//js/',
  'api_ver' => 'v1/',
  'valid_forever' => '2035-01-01',
  'unlimited_installs' => 99999,
  'debug' => true,
  'filesystem_initialized' => false,
)

[Sun, 27 Apr 2025 12:06:50 +0000] wpr: __construct
array (
  'prefix' => 'wpr',
  'licensing_servers' => 
  array (
    0 => 'https://dashboard.wpreset.com/api/',
  ),
  'version' => '2.04',
  'plugin_file' => 'C:\\xampp\\htdocs\\myPersonalSites\\devGithub\\wp-content\\plugins\\wp-reset\\wp-reset.php',
  'plugin_page' => 'tools_page_wp-reset',
  'skip_hooks' => false,
  'debug' => true,
  'js_folder' => 'http://localhost/myPersonalSites/devGithub/wp-content/plugins/wp-reset//js/',
)
array (
  'prefix' => 'wpr',
  'licensing_servers' => 
  array (
    0 => 'https://dashboard.wpreset.com/api/',
  ),
  'version' => '2.04',
  'slug' => 'wp-reset',
  'basename' => 'wp-reset/wp-reset.php',
  'plugin_page' => 'tools_page_wp-reset',
  'plugin_file' => 'C:\\xampp\\htdocs\\myPersonalSites\\devGithub\\wp-content\\plugins\\wp-reset\\wp-reset.php',
  'js_folder' => 'http://localhost/myPersonalSites/devGithub/wp-content/plugins/wp-reset//js/',
  'api_ver' => 'v1/',
  'valid_forever' => '2035-01-01',
  'unlimited_installs' => 99999,
  'debug' => true,
  'filesystem_initialized' => false,
)

[Sun, 27 Apr 2025 12:06:58 +0000] wpr: __construct
array (
  'prefix' => 'wpr',
  'licensing_servers' => 
  array (
    0 => 'https://dashboard.wpreset.com/api/',
  ),
  'version' => '2.04',
  'plugin_file' => 'C:\\xampp\\htdocs\\myPersonalSites\\devGithub\\wp-content\\plugins\\wp-reset\\wp-reset.php',
  'plugin_page' => 'tools_page_wp-reset',
  'skip_hooks' => false,
  'debug' => true,
  'js_folder' => 'http://localhost/myPersonalSites/devGithub/wp-content/plugins/wp-reset//js/',
)
array (
  'prefix' => 'wpr',
  'licensing_servers' => 
  array (
    0 => 'https://dashboard.wpreset.com/api/',
  ),
  'version' => '2.04',
  'slug' => 'wp-reset',
  'basename' => 'wp-reset/wp-reset.php',
  'plugin_page' => 'tools_page_wp-reset',
  'plugin_file' => 'C:\\xampp\\htdocs\\myPersonalSites\\devGithub\\wp-content\\plugins\\wp-reset\\wp-reset.php',
  'js_folder' => 'http://localhost/myPersonalSites/devGithub/wp-content/plugins/wp-reset//js/',
  'api_ver' => 'v1/',
  'valid_forever' => '2035-01-01',
  'unlimited_installs' => 99999,
  'debug' => true,
  'filesystem_initialized' => false,
)

[Sun, 27 Apr 2025 12:07:16 +0000] wpr: __construct
array (
  'prefix' => 'wpr',
  'licensing_servers' => 
  array (
    0 => 'https://dashboard.wpreset.com/api/',
  ),
  'version' => '2.04',
  'plugin_file' => 'C:\\xampp\\htdocs\\myPersonalSites\\devGithub\\wp-content\\plugins\\wp-reset\\wp-reset.php',
  'plugin_page' => 'tools_page_wp-reset',
  'skip_hooks' => false,
  'debug' => true,
  'js_folder' => 'http://localhost/myPersonalSites/devGithub/wp-content/plugins/wp-reset//js/',
)
array (
  'prefix' => 'wpr',
  'licensing_servers' => 
  array (
    0 => 'https://dashboard.wpreset.com/api/',
  ),
  'version' => '2.04',
  'slug' => 'wp-reset',
  'basename' => 'wp-reset/wp-reset.php',
  'plugin_page' => 'tools_page_wp-reset',
  'plugin_file' => 'C:\\xampp\\htdocs\\myPersonalSites\\devGithub\\wp-content\\plugins\\wp-reset\\wp-reset.php',
  'js_folder' => 'http://localhost/myPersonalSites/devGithub/wp-content/plugins/wp-reset//js/',
  'api_ver' => 'v1/',
  'valid_forever' => '2035-01-01',
  'unlimited_installs' => 99999,
  'debug' => true,
  'filesystem_initialized' => false,
)

[Sun, 27 Apr 2025 12:07:18 +0000] wpr: __construct
array (
  'prefix' => 'wpr',
  'licensing_servers' => 
  array (
    0 => 'https://dashboard.wpreset.com/api/',
  ),
  'version' => '2.04',
  'plugin_file' => 'C:\\xampp\\htdocs\\myPersonalSites\\devGithub\\wp-content\\plugins\\wp-reset\\wp-reset.php',
  'plugin_page' => 'tools_page_wp-reset',
  'skip_hooks' => false,
  'debug' => true,
  'js_folder' => 'http://localhost/myPersonalSites/devGithub/wp-content/plugins/wp-reset//js/',
)
array (
  'prefix' => 'wpr',
  'licensing_servers' => 
  array (
    0 => 'https://dashboard.wpreset.com/api/',
  ),
  'version' => '2.04',
  'slug' => 'wp-reset',
  'basename' => 'wp-reset/wp-reset.php',
  'plugin_page' => 'tools_page_wp-reset',
  'plugin_file' => 'C:\\xampp\\htdocs\\myPersonalSites\\devGithub\\wp-content\\plugins\\wp-reset\\wp-reset.php',
  'js_folder' => 'http://localhost/myPersonalSites/devGithub/wp-content/plugins/wp-reset//js/',
  'api_ver' => 'v1/',
  'valid_forever' => '2035-01-01',
  'unlimited_installs' => 99999,
  'debug' => true,
  'filesystem_initialized' => false,
)

[Sun, 27 Apr 2025 12:08:27 +0000] wpr: __construct
array (
  'prefix' => 'wpr',
  'licensing_servers' => 
  array (
    0 => 'https://dashboard.wpreset.com/api/',
  ),
  'version' => '2.04',
  'plugin_file' => 'C:\\xampp\\htdocs\\myPersonalSites\\devGithub\\wp-content\\plugins\\wp-reset\\wp-reset.php',
  'plugin_page' => 'tools_page_wp-reset',
  'skip_hooks' => false,
  'debug' => true,
  'js_folder' => 'http://localhost/myPersonalSites/devGithub/wp-content/plugins/wp-reset//js/',
)
array (
  'prefix' => 'wpr',
  'licensing_servers' => 
  array (
    0 => 'https://dashboard.wpreset.com/api/',
  ),
  'version' => '2.04',
  'slug' => 'wp-reset',
  'basename' => 'wp-reset/wp-reset.php',
  'plugin_page' => 'tools_page_wp-reset',
  'plugin_file' => 'C:\\xampp\\htdocs\\myPersonalSites\\devGithub\\wp-content\\plugins\\wp-reset\\wp-reset.php',
  'js_folder' => 'http://localhost/myPersonalSites/devGithub/wp-content/plugins/wp-reset//js/',
  'api_ver' => 'v1/',
  'valid_forever' => '2035-01-01',
  'unlimited_installs' => 99999,
  'debug' => true,
  'filesystem_initialized' => false,
)

[Sun, 27 Apr 2025 12:08:59 +0000] wpr: __construct
array (
  'prefix' => 'wpr',
  'licensing_servers' => 
  array (
    0 => 'https://dashboard.wpreset.com/api/',
  ),
  'version' => '2.04',
  'plugin_file' => 'C:\\xampp\\htdocs\\myPersonalSites\\devGithub\\wp-content\\plugins\\wp-reset\\wp-reset.php',
  'plugin_page' => 'tools_page_wp-reset',
  'skip_hooks' => false,
  'debug' => true,
  'js_folder' => 'http://localhost/myPersonalSites/devGithub/wp-content/plugins/wp-reset//js/',
)
array (
  'prefix' => 'wpr',
  'licensing_servers' => 
  array (
    0 => 'https://dashboard.wpreset.com/api/',
  ),
  'version' => '2.04',
  'slug' => 'wp-reset',
  'basename' => 'wp-reset/wp-reset.php',
  'plugin_page' => 'tools_page_wp-reset',
  'plugin_file' => 'C:\\xampp\\htdocs\\myPersonalSites\\devGithub\\wp-content\\plugins\\wp-reset\\wp-reset.php',
  'js_folder' => 'http://localhost/myPersonalSites/devGithub/wp-content/plugins/wp-reset//js/',
  'api_ver' => 'v1/',
  'valid_forever' => '2035-01-01',
  'unlimited_installs' => 99999,
  'debug' => true,
  'filesystem_initialized' => false,
)

[Sun, 27 Apr 2025 12:09:27 +0000] wpr: __construct
array (
  'prefix' => 'wpr',
  'licensing_servers' => 
  array (
    0 => 'https://dashboard.wpreset.com/api/',
  ),
  'version' => '2.04',
  'plugin_file' => 'C:\\xampp\\htdocs\\myPersonalSites\\devGithub\\wp-content\\plugins\\wp-reset\\wp-reset.php',
  'plugin_page' => 'tools_page_wp-reset',
  'skip_hooks' => false,
  'debug' => true,
  'js_folder' => 'http://localhost/myPersonalSites/devGithub/wp-content/plugins/wp-reset//js/',
)
array (
  'prefix' => 'wpr',
  'licensing_servers' => 
  array (
    0 => 'https://dashboard.wpreset.com/api/',
  ),
  'version' => '2.04',
  'slug' => 'wp-reset',
  'basename' => 'wp-reset/wp-reset.php',
  'plugin_page' => 'tools_page_wp-reset',
  'plugin_file' => 'C:\\xampp\\htdocs\\myPersonalSites\\devGithub\\wp-content\\plugins\\wp-reset\\wp-reset.php',
  'js_folder' => 'http://localhost/myPersonalSites/devGithub/wp-content/plugins/wp-reset//js/',
  'api_ver' => 'v1/',
  'valid_forever' => '2035-01-01',
  'unlimited_installs' => 99999,
  'debug' => true,
  'filesystem_initialized' => false,
)

[Sun, 27 Apr 2025 12:10:18 +0000] wpr: __construct
array (
  'prefix' => 'wpr',
  'licensing_servers' => 
  array (
    0 => 'https://dashboard.wpreset.com/api/',
  ),
  'version' => '2.04',
  'plugin_file' => 'C:\\xampp\\htdocs\\myPersonalSites\\devGithub\\wp-content\\plugins\\wp-reset\\wp-reset.php',
  'plugin_page' => 'tools_page_wp-reset',
  'skip_hooks' => false,
  'debug' => true,
  'js_folder' => 'http://localhost/myPersonalSites/devGithub/wp-content/plugins/wp-reset//js/',
)
array (
  'prefix' => 'wpr',
  'licensing_servers' => 
  array (
    0 => 'https://dashboard.wpreset.com/api/',
  ),
  'version' => '2.04',
  'slug' => 'wp-reset',
  'basename' => 'wp-reset/wp-reset.php',
  'plugin_page' => 'tools_page_wp-reset',
  'plugin_file' => 'C:\\xampp\\htdocs\\myPersonalSites\\devGithub\\wp-content\\plugins\\wp-reset\\wp-reset.php',
  'js_folder' => 'http://localhost/myPersonalSites/devGithub/wp-content/plugins/wp-reset//js/',
  'api_ver' => 'v1/',
  'valid_forever' => '2035-01-01',
  'unlimited_installs' => 99999,
  'debug' => true,
  'filesystem_initialized' => false,
)

[Sun, 27 Apr 2025 12:10:21 +0000] wpr: __construct
array (
  'prefix' => 'wpr',
  'licensing_servers' => 
  array (
    0 => 'https://dashboard.wpreset.com/api/',
  ),
  'version' => '2.04',
  'plugin_file' => 'C:\\xampp\\htdocs\\myPersonalSites\\devGithub\\wp-content\\plugins\\wp-reset\\wp-reset.php',
  'plugin_page' => 'tools_page_wp-reset',
  'skip_hooks' => false,
  'debug' => true,
  'js_folder' => 'http://localhost/myPersonalSites/devGithub/wp-content/plugins/wp-reset//js/',
)
array (
  'prefix' => 'wpr',
  'licensing_servers' => 
  array (
    0 => 'https://dashboard.wpreset.com/api/',
  ),
  'version' => '2.04',
  'slug' => 'wp-reset',
  'basename' => 'wp-reset/wp-reset.php',
  'plugin_page' => 'tools_page_wp-reset',
  'plugin_file' => 'C:\\xampp\\htdocs\\myPersonalSites\\devGithub\\wp-content\\plugins\\wp-reset\\wp-reset.php',
  'js_folder' => 'http://localhost/myPersonalSites/devGithub/wp-content/plugins/wp-reset//js/',
  'api_ver' => 'v1/',
  'valid_forever' => '2035-01-01',
  'unlimited_installs' => 99999,
  'debug' => true,
  'filesystem_initialized' => false,
)

[Sun, 27 Apr 2025 12:10:22 +0000] wpr: __construct
array (
  'prefix' => 'wpr',
  'licensing_servers' => 
  array (
    0 => 'https://dashboard.wpreset.com/api/',
  ),
  'version' => '2.04',
  'plugin_file' => 'C:\\xampp\\htdocs\\myPersonalSites\\devGithub\\wp-content\\plugins\\wp-reset\\wp-reset.php',
  'plugin_page' => 'tools_page_wp-reset',
  'skip_hooks' => false,
  'debug' => true,
  'js_folder' => 'http://localhost/myPersonalSites/devGithub/wp-content/plugins/wp-reset//js/',
)
array (
  'prefix' => 'wpr',
  'licensing_servers' => 
  array (
    0 => 'https://dashboard.wpreset.com/api/',
  ),
  'version' => '2.04',
  'slug' => 'wp-reset',
  'basename' => 'wp-reset/wp-reset.php',
  'plugin_page' => 'tools_page_wp-reset',
  'plugin_file' => 'C:\\xampp\\htdocs\\myPersonalSites\\devGithub\\wp-content\\plugins\\wp-reset\\wp-reset.php',
  'js_folder' => 'http://localhost/myPersonalSites/devGithub/wp-content/plugins/wp-reset//js/',
  'api_ver' => 'v1/',
  'valid_forever' => '2035-01-01',
  'unlimited_installs' => 99999,
  'debug' => true,
  'filesystem_initialized' => false,
)

[Sun, 27 Apr 2025 12:11:24 +0000] wpr: __construct
array (
  'prefix' => 'wpr',
  'licensing_servers' => 
  array (
    0 => 'https://dashboard.wpreset.com/api/',
  ),
  'version' => '2.04',
  'plugin_file' => 'C:\\xampp\\htdocs\\myPersonalSites\\devGithub\\wp-content\\plugins\\wp-reset\\wp-reset.php',
  'plugin_page' => 'tools_page_wp-reset',
  'skip_hooks' => false,
  'debug' => true,
  'js_folder' => 'http://localhost/myPersonalSites/devGithub/wp-content/plugins/wp-reset//js/',
)
array (
  'prefix' => 'wpr',
  'licensing_servers' => 
  array (
    0 => 'https://dashboard.wpreset.com/api/',
  ),
  'version' => '2.04',
  'slug' => 'wp-reset',
  'basename' => 'wp-reset/wp-reset.php',
  'plugin_page' => 'tools_page_wp-reset',
  'plugin_file' => 'C:\\xampp\\htdocs\\myPersonalSites\\devGithub\\wp-content\\plugins\\wp-reset\\wp-reset.php',
  'js_folder' => 'http://localhost/myPersonalSites/devGithub/wp-content/plugins/wp-reset//js/',
  'api_ver' => 'v1/',
  'valid_forever' => '2035-01-01',
  'unlimited_installs' => 99999,
  'debug' => true,
  'filesystem_initialized' => false,
)

[Sun, 27 Apr 2025 12:11:27 +0000] wpr: __construct
array (
  'prefix' => 'wpr',
  'licensing_servers' => 
  array (
    0 => 'https://dashboard.wpreset.com/api/',
  ),
  'version' => '2.04',
  'plugin_file' => 'C:\\xampp\\htdocs\\myPersonalSites\\devGithub\\wp-content\\plugins\\wp-reset\\wp-reset.php',
  'plugin_page' => 'tools_page_wp-reset',
  'skip_hooks' => false,
  'debug' => true,
  'js_folder' => 'http://localhost/myPersonalSites/devGithub/wp-content/plugins/wp-reset//js/',
)
array (
  'prefix' => 'wpr',
  'licensing_servers' => 
  array (
    0 => 'https://dashboard.wpreset.com/api/',
  ),
  'version' => '2.04',
  'slug' => 'wp-reset',
  'basename' => 'wp-reset/wp-reset.php',
  'plugin_page' => 'tools_page_wp-reset',
  'plugin_file' => 'C:\\xampp\\htdocs\\myPersonalSites\\devGithub\\wp-content\\plugins\\wp-reset\\wp-reset.php',
  'js_folder' => 'http://localhost/myPersonalSites/devGithub/wp-content/plugins/wp-reset//js/',
  'api_ver' => 'v1/',
  'valid_forever' => '2035-01-01',
  'unlimited_installs' => 99999,
  'debug' => true,
  'filesystem_initialized' => false,
)

[Sun, 27 Apr 2025 12:11:28 +0000] wpr: __construct
array (
  'prefix' => 'wpr',
  'licensing_servers' => 
  array (
    0 => 'https://dashboard.wpreset.com/api/',
  ),
  'version' => '2.04',
  'plugin_file' => 'C:\\xampp\\htdocs\\myPersonalSites\\devGithub\\wp-content\\plugins\\wp-reset\\wp-reset.php',
  'plugin_page' => 'tools_page_wp-reset',
  'skip_hooks' => false,
  'debug' => true,
  'js_folder' => 'http://localhost/myPersonalSites/devGithub/wp-content/plugins/wp-reset//js/',
)
array (
  'prefix' => 'wpr',
  'licensing_servers' => 
  array (
    0 => 'https://dashboard.wpreset.com/api/',
  ),
  'version' => '2.04',
  'slug' => 'wp-reset',
  'basename' => 'wp-reset/wp-reset.php',
  'plugin_page' => 'tools_page_wp-reset',
  'plugin_file' => 'C:\\xampp\\htdocs\\myPersonalSites\\devGithub\\wp-content\\plugins\\wp-reset\\wp-reset.php',
  'js_folder' => 'http://localhost/myPersonalSites/devGithub/wp-content/plugins/wp-reset//js/',
  'api_ver' => 'v1/',
  'valid_forever' => '2035-01-01',
  'unlimited_installs' => 99999,
  'debug' => true,
  'filesystem_initialized' => false,
)

[Sun, 27 Apr 2025 12:11:41 +0000] wpr: __construct
array (
  'prefix' => 'wpr',
  'licensing_servers' => 
  array (
    0 => 'https://dashboard.wpreset.com/api/',
  ),
  'version' => '2.04',
  'plugin_file' => 'C:\\xampp\\htdocs\\myPersonalSites\\devGithub\\wp-content\\plugins\\wp-reset\\wp-reset.php',
  'plugin_page' => 'tools_page_wp-reset',
  'skip_hooks' => false,
  'debug' => true,
  'js_folder' => 'http://localhost/myPersonalSites/devGithub/wp-content/plugins/wp-reset//js/',
)
array (
  'prefix' => 'wpr',
  'licensing_servers' => 
  array (
    0 => 'https://dashboard.wpreset.com/api/',
  ),
  'version' => '2.04',
  'slug' => 'wp-reset',
  'basename' => 'wp-reset/wp-reset.php',
  'plugin_page' => 'tools_page_wp-reset',
  'plugin_file' => 'C:\\xampp\\htdocs\\myPersonalSites\\devGithub\\wp-content\\plugins\\wp-reset\\wp-reset.php',
  'js_folder' => 'http://localhost/myPersonalSites/devGithub/wp-content/plugins/wp-reset//js/',
  'api_ver' => 'v1/',
  'valid_forever' => '2035-01-01',
  'unlimited_installs' => 99999,
  'debug' => true,
  'filesystem_initialized' => false,
)

[Sun, 27 Apr 2025 12:12:05 +0000] wpr: __construct
array (
  'prefix' => 'wpr',
  'licensing_servers' => 
  array (
    0 => 'https://dashboard.wpreset.com/api/',
  ),
  'version' => '2.04',
  'plugin_file' => 'C:\\xampp\\htdocs\\myPersonalSites\\devGithub\\wp-content\\plugins\\wp-reset\\wp-reset.php',
  'plugin_page' => 'tools_page_wp-reset',
  'skip_hooks' => false,
  'debug' => true,
  'js_folder' => 'http://localhost/myPersonalSites/devGithub/wp-content/plugins/wp-reset//js/',
)
array (
  'prefix' => 'wpr',
  'licensing_servers' => 
  array (
    0 => 'https://dashboard.wpreset.com/api/',
  ),
  'version' => '2.04',
  'slug' => 'wp-reset',
  'basename' => 'wp-reset/wp-reset.php',
  'plugin_page' => 'tools_page_wp-reset',
  'plugin_file' => 'C:\\xampp\\htdocs\\myPersonalSites\\devGithub\\wp-content\\plugins\\wp-reset\\wp-reset.php',
  'js_folder' => 'http://localhost/myPersonalSites/devGithub/wp-content/plugins/wp-reset//js/',
  'api_ver' => 'v1/',
  'valid_forever' => '2035-01-01',
  'unlimited_installs' => 99999,
  'debug' => true,
  'filesystem_initialized' => false,
)

[Sun, 27 Apr 2025 12:12:13 +0000] wpr: __construct
array (
  'prefix' => 'wpr',
  'licensing_servers' => 
  array (
    0 => 'https://dashboard.wpreset.com/api/',
  ),
  'version' => '2.04',
  'plugin_file' => 'C:\\xampp\\htdocs\\myPersonalSites\\devGithub\\wp-content\\plugins\\wp-reset\\wp-reset.php',
  'plugin_page' => 'tools_page_wp-reset',
  'skip_hooks' => false,
  'debug' => true,
  'js_folder' => 'http://localhost/myPersonalSites/devGithub/wp-content/plugins/wp-reset//js/',
)
array (
  'prefix' => 'wpr',
  'licensing_servers' => 
  array (
    0 => 'https://dashboard.wpreset.com/api/',
  ),
  'version' => '2.04',
  'slug' => 'wp-reset',
  'basename' => 'wp-reset/wp-reset.php',
  'plugin_page' => 'tools_page_wp-reset',
  'plugin_file' => 'C:\\xampp\\htdocs\\myPersonalSites\\devGithub\\wp-content\\plugins\\wp-reset\\wp-reset.php',
  'js_folder' => 'http://localhost/myPersonalSites/devGithub/wp-content/plugins/wp-reset//js/',
  'api_ver' => 'v1/',
  'valid_forever' => '2035-01-01',
  'unlimited_installs' => 99999,
  'debug' => true,
  'filesystem_initialized' => false,
)

[Sun, 27 Apr 2025 12:12:14 +0000] wpr: __construct
array (
  'prefix' => 'wpr',
  'licensing_servers' => 
  array (
    0 => 'https://dashboard.wpreset.com/api/',
  ),
  'version' => '2.04',
  'plugin_file' => 'C:\\xampp\\htdocs\\myPersonalSites\\devGithub\\wp-content\\plugins\\wp-reset\\wp-reset.php',
  'plugin_page' => 'tools_page_wp-reset',
  'skip_hooks' => false,
  'debug' => true,
  'js_folder' => 'http://localhost/myPersonalSites/devGithub/wp-content/plugins/wp-reset//js/',
)
array (
  'prefix' => 'wpr',
  'licensing_servers' => 
  array (
    0 => 'https://dashboard.wpreset.com/api/',
  ),
  'version' => '2.04',
  'slug' => 'wp-reset',
  'basename' => 'wp-reset/wp-reset.php',
  'plugin_page' => 'tools_page_wp-reset',
  'plugin_file' => 'C:\\xampp\\htdocs\\myPersonalSites\\devGithub\\wp-content\\plugins\\wp-reset\\wp-reset.php',
  'js_folder' => 'http://localhost/myPersonalSites/devGithub/wp-content/plugins/wp-reset//js/',
  'api_ver' => 'v1/',
  'valid_forever' => '2035-01-01',
  'unlimited_installs' => 99999,
  'debug' => true,
  'filesystem_initialized' => false,
)

[Sun, 27 Apr 2025 12:12:18 +0000] wpr: __construct
array (
  'prefix' => 'wpr',
  'licensing_servers' => 
  array (
    0 => 'https://dashboard.wpreset.com/api/',
  ),
  'version' => '2.04',
  'plugin_file' => 'C:\\xampp\\htdocs\\myPersonalSites\\devGithub\\wp-content\\plugins\\wp-reset\\wp-reset.php',
  'plugin_page' => 'tools_page_wp-reset',
  'skip_hooks' => false,
  'debug' => true,
  'js_folder' => 'http://localhost/myPersonalSites/devGithub/wp-content/plugins/wp-reset//js/',
)
array (
  'prefix' => 'wpr',
  'licensing_servers' => 
  array (
    0 => 'https://dashboard.wpreset.com/api/',
  ),
  'version' => '2.04',
  'slug' => 'wp-reset',
  'basename' => 'wp-reset/wp-reset.php',
  'plugin_page' => 'tools_page_wp-reset',
  'plugin_file' => 'C:\\xampp\\htdocs\\myPersonalSites\\devGithub\\wp-content\\plugins\\wp-reset\\wp-reset.php',
  'js_folder' => 'http://localhost/myPersonalSites/devGithub/wp-content/plugins/wp-reset//js/',
  'api_ver' => 'v1/',
  'valid_forever' => '2035-01-01',
  'unlimited_installs' => 99999,
  'debug' => true,
  'filesystem_initialized' => false,
)

[Sun, 27 Apr 2025 12:12:21 +0000] wpr: __construct
array (
  'prefix' => 'wpr',
  'licensing_servers' => 
  array (
    0 => 'https://dashboard.wpreset.com/api/',
  ),
  'version' => '2.04',
  'plugin_file' => 'C:\\xampp\\htdocs\\myPersonalSites\\devGithub\\wp-content\\plugins\\wp-reset\\wp-reset.php',
  'plugin_page' => 'tools_page_wp-reset',
  'skip_hooks' => false,
  'debug' => true,
  'js_folder' => 'http://localhost/myPersonalSites/devGithub/wp-content/plugins/wp-reset//js/',
)
array (
  'prefix' => 'wpr',
  'licensing_servers' => 
  array (
    0 => 'https://dashboard.wpreset.com/api/',
  ),
  'version' => '2.04',
  'slug' => 'wp-reset',
  'basename' => 'wp-reset/wp-reset.php',
  'plugin_page' => 'tools_page_wp-reset',
  'plugin_file' => 'C:\\xampp\\htdocs\\myPersonalSites\\devGithub\\wp-content\\plugins\\wp-reset\\wp-reset.php',
  'js_folder' => 'http://localhost/myPersonalSites/devGithub/wp-content/plugins/wp-reset//js/',
  'api_ver' => 'v1/',
  'valid_forever' => '2035-01-01',
  'unlimited_installs' => 99999,
  'debug' => true,
  'filesystem_initialized' => false,
)

[Sun, 27 Apr 2025 12:12:35 +0000] wpr: __construct
array (
  'prefix' => 'wpr',
  'licensing_servers' => 
  array (
    0 => 'https://dashboard.wpreset.com/api/',
  ),
  'version' => '2.04',
  'plugin_file' => 'C:\\xampp\\htdocs\\myPersonalSites\\devGithub\\wp-content\\plugins\\wp-reset\\wp-reset.php',
  'plugin_page' => 'tools_page_wp-reset',
  'skip_hooks' => false,
  'debug' => true,
  'js_folder' => 'http://localhost/myPersonalSites/devGithub/wp-content/plugins/wp-reset//js/',
)
array (
  'prefix' => 'wpr',
  'licensing_servers' => 
  array (
    0 => 'https://dashboard.wpreset.com/api/',
  ),
  'version' => '2.04',
  'slug' => 'wp-reset',
  'basename' => 'wp-reset/wp-reset.php',
  'plugin_page' => 'tools_page_wp-reset',
  'plugin_file' => 'C:\\xampp\\htdocs\\myPersonalSites\\devGithub\\wp-content\\plugins\\wp-reset\\wp-reset.php',
  'js_folder' => 'http://localhost/myPersonalSites/devGithub/wp-content/plugins/wp-reset//js/',
  'api_ver' => 'v1/',
  'valid_forever' => '2035-01-01',
  'unlimited_installs' => 99999,
  'debug' => true,
  'filesystem_initialized' => false,
)

[Sun, 27 Apr 2025 12:12:35 +0000] wpr: __construct
array (
  'prefix' => 'wpr',
  'licensing_servers' => 
  array (
    0 => 'https://dashboard.wpreset.com/api/',
  ),
  'version' => '2.04',
  'plugin_file' => 'C:\\xampp\\htdocs\\myPersonalSites\\devGithub\\wp-content\\plugins\\wp-reset\\wp-reset.php',
  'plugin_page' => 'tools_page_wp-reset',
  'skip_hooks' => false,
  'debug' => true,
  'js_folder' => 'http://localhost/myPersonalSites/devGithub/wp-content/plugins/wp-reset//js/',
)
array (
  'prefix' => 'wpr',
  'licensing_servers' => 
  array (
    0 => 'https://dashboard.wpreset.com/api/',
  ),
  'version' => '2.04',
  'slug' => 'wp-reset',
  'basename' => 'wp-reset/wp-reset.php',
  'plugin_page' => 'tools_page_wp-reset',
  'plugin_file' => 'C:\\xampp\\htdocs\\myPersonalSites\\devGithub\\wp-content\\plugins\\wp-reset\\wp-reset.php',
  'js_folder' => 'http://localhost/myPersonalSites/devGithub/wp-content/plugins/wp-reset//js/',
  'api_ver' => 'v1/',
  'valid_forever' => '2035-01-01',
  'unlimited_installs' => 99999,
  'debug' => true,
  'filesystem_initialized' => false,
)

[Sun, 27 Apr 2025 12:12:36 +0000] wpr: __construct
array (
  'prefix' => 'wpr',
  'licensing_servers' => 
  array (
    0 => 'https://dashboard.wpreset.com/api/',
  ),
  'version' => '2.04',
  'plugin_file' => 'C:\\xampp\\htdocs\\myPersonalSites\\devGithub\\wp-content\\plugins\\wp-reset\\wp-reset.php',
  'plugin_page' => 'tools_page_wp-reset',
  'skip_hooks' => false,
  'debug' => true,
  'js_folder' => 'http://localhost/myPersonalSites/devGithub/wp-content/plugins/wp-reset//js/',
)
array (
  'prefix' => 'wpr',
  'licensing_servers' => 
  array (
    0 => 'https://dashboard.wpreset.com/api/',
  ),
  'version' => '2.04',
  'slug' => 'wp-reset',
  'basename' => 'wp-reset/wp-reset.php',
  'plugin_page' => 'tools_page_wp-reset',
  'plugin_file' => 'C:\\xampp\\htdocs\\myPersonalSites\\devGithub\\wp-content\\plugins\\wp-reset\\wp-reset.php',
  'js_folder' => 'http://localhost/myPersonalSites/devGithub/wp-content/plugins/wp-reset//js/',
  'api_ver' => 'v1/',
  'valid_forever' => '2035-01-01',
  'unlimited_installs' => 99999,
  'debug' => true,
  'filesystem_initialized' => false,
)

[Sun, 27 Apr 2025 12:12:36 +0000] wpr: __construct
array (
  'prefix' => 'wpr',
  'licensing_servers' => 
  array (
    0 => 'https://dashboard.wpreset.com/api/',
  ),
  'version' => '2.04',
  'plugin_file' => 'C:\\xampp\\htdocs\\myPersonalSites\\devGithub\\wp-content\\plugins\\wp-reset\\wp-reset.php',
  'plugin_page' => 'tools_page_wp-reset',
  'skip_hooks' => false,
  'debug' => true,
  'js_folder' => 'http://localhost/myPersonalSites/devGithub/wp-content/plugins/wp-reset//js/',
)
array (
  'prefix' => 'wpr',
  'licensing_servers' => 
  array (
    0 => 'https://dashboard.wpreset.com/api/',
  ),
  'version' => '2.04',
  'slug' => 'wp-reset',
  'basename' => 'wp-reset/wp-reset.php',
  'plugin_page' => 'tools_page_wp-reset',
  'plugin_file' => 'C:\\xampp\\htdocs\\myPersonalSites\\devGithub\\wp-content\\plugins\\wp-reset\\wp-reset.php',
  'js_folder' => 'http://localhost/myPersonalSites/devGithub/wp-content/plugins/wp-reset//js/',
  'api_ver' => 'v1/',
  'valid_forever' => '2035-01-01',
  'unlimited_installs' => 99999,
  'debug' => true,
  'filesystem_initialized' => false,
)

[Sun, 27 Apr 2025 12:12:43 +0000] wpr: __construct
array (
  'prefix' => 'wpr',
  'licensing_servers' => 
  array (
    0 => 'https://dashboard.wpreset.com/api/',
  ),
  'version' => '2.04',
  'plugin_file' => 'C:\\xampp\\htdocs\\myPersonalSites\\devGithub\\wp-content\\plugins\\wp-reset\\wp-reset.php',
  'plugin_page' => 'tools_page_wp-reset',
  'skip_hooks' => false,
  'debug' => true,
  'js_folder' => 'http://localhost/myPersonalSites/devGithub/wp-content/plugins/wp-reset//js/',
)
array (
  'prefix' => 'wpr',
  'licensing_servers' => 
  array (
    0 => 'https://dashboard.wpreset.com/api/',
  ),
  'version' => '2.04',
  'slug' => 'wp-reset',
  'basename' => 'wp-reset/wp-reset.php',
  'plugin_page' => 'tools_page_wp-reset',
  'plugin_file' => 'C:\\xampp\\htdocs\\myPersonalSites\\devGithub\\wp-content\\plugins\\wp-reset\\wp-reset.php',
  'js_folder' => 'http://localhost/myPersonalSites/devGithub/wp-content/plugins/wp-reset//js/',
  'api_ver' => 'v1/',
  'valid_forever' => '2035-01-01',
  'unlimited_installs' => 99999,
  'debug' => true,
  'filesystem_initialized' => false,
)

[Sun, 27 Apr 2025 12:12:44 +0000] wpr: __construct
array (
  'prefix' => 'wpr',
  'licensing_servers' => 
  array (
    0 => 'https://dashboard.wpreset.com/api/',
  ),
  'version' => '2.04',
  'plugin_file' => 'C:\\xampp\\htdocs\\myPersonalSites\\devGithub\\wp-content\\plugins\\wp-reset\\wp-reset.php',
  'plugin_page' => 'tools_page_wp-reset',
  'skip_hooks' => false,
  'debug' => true,
  'js_folder' => 'http://localhost/myPersonalSites/devGithub/wp-content/plugins/wp-reset//js/',
)
array (
  'prefix' => 'wpr',
  'licensing_servers' => 
  array (
    0 => 'https://dashboard.wpreset.com/api/',
  ),
  'version' => '2.04',
  'slug' => 'wp-reset',
  'basename' => 'wp-reset/wp-reset.php',
  'plugin_page' => 'tools_page_wp-reset',
  'plugin_file' => 'C:\\xampp\\htdocs\\myPersonalSites\\devGithub\\wp-content\\plugins\\wp-reset\\wp-reset.php',
  'js_folder' => 'http://localhost/myPersonalSites/devGithub/wp-content/plugins/wp-reset//js/',
  'api_ver' => 'v1/',
  'valid_forever' => '2035-01-01',
  'unlimited_installs' => 99999,
  'debug' => true,
  'filesystem_initialized' => false,
)

[Sun, 27 Apr 2025 12:12:50 +0000] wpr: __construct
array (
  'prefix' => 'wpr',
  'licensing_servers' => 
  array (
    0 => 'https://dashboard.wpreset.com/api/',
  ),
  'version' => '2.04',
  'plugin_file' => 'C:\\xampp\\htdocs\\myPersonalSites\\devGithub\\wp-content\\plugins\\wp-reset\\wp-reset.php',
  'plugin_page' => 'tools_page_wp-reset',
  'skip_hooks' => false,
  'debug' => true,
  'js_folder' => 'http://localhost/myPersonalSites/devGithub/wp-content/plugins/wp-reset//js/',
)
array (
  'prefix' => 'wpr',
  'licensing_servers' => 
  array (
    0 => 'https://dashboard.wpreset.com/api/',
  ),
  'version' => '2.04',
  'slug' => 'wp-reset',
  'basename' => 'wp-reset/wp-reset.php',
  'plugin_page' => 'tools_page_wp-reset',
  'plugin_file' => 'C:\\xampp\\htdocs\\myPersonalSites\\devGithub\\wp-content\\plugins\\wp-reset\\wp-reset.php',
  'js_folder' => 'http://localhost/myPersonalSites/devGithub/wp-content/plugins/wp-reset//js/',
  'api_ver' => 'v1/',
  'valid_forever' => '2035-01-01',
  'unlimited_installs' => 99999,
  'debug' => true,
  'filesystem_initialized' => false,
)

[Sun, 27 Apr 2025 12:13:05 +0000] wpr: __construct
array (
  'prefix' => 'wpr',
  'licensing_servers' => 
  array (
    0 => 'https://dashboard.wpreset.com/api/',
  ),
  'version' => '2.04',
  'plugin_file' => 'C:\\xampp\\htdocs\\myPersonalSites\\devGithub\\wp-content\\plugins\\wp-reset\\wp-reset.php',
  'plugin_page' => 'tools_page_wp-reset',
  'skip_hooks' => false,
  'debug' => true,
  'js_folder' => 'http://localhost/myPersonalSites/devGithub/wp-content/plugins/wp-reset//js/',
)
array (
  'prefix' => 'wpr',
  'licensing_servers' => 
  array (
    0 => 'https://dashboard.wpreset.com/api/',
  ),
  'version' => '2.04',
  'slug' => 'wp-reset',
  'basename' => 'wp-reset/wp-reset.php',
  'plugin_page' => 'tools_page_wp-reset',
  'plugin_file' => 'C:\\xampp\\htdocs\\myPersonalSites\\devGithub\\wp-content\\plugins\\wp-reset\\wp-reset.php',
  'js_folder' => 'http://localhost/myPersonalSites/devGithub/wp-content/plugins/wp-reset//js/',
  'api_ver' => 'v1/',
  'valid_forever' => '2035-01-01',
  'unlimited_installs' => 99999,
  'debug' => true,
  'filesystem_initialized' => false,
)

[Sun, 27 Apr 2025 12:13:15 +0000] wpr: __construct
array (
  'prefix' => 'wpr',
  'licensing_servers' => 
  array (
    0 => 'https://dashboard.wpreset.com/api/',
  ),
  'version' => '2.04',
  'plugin_file' => 'C:\\xampp\\htdocs\\myPersonalSites\\devGithub\\wp-content\\plugins\\wp-reset\\wp-reset.php',
  'plugin_page' => 'tools_page_wp-reset',
  'skip_hooks' => false,
  'debug' => true,
  'js_folder' => 'http://localhost/myPersonalSites/devGithub/wp-content/plugins/wp-reset//js/',
)
array (
  'prefix' => 'wpr',
  'licensing_servers' => 
  array (
    0 => 'https://dashboard.wpreset.com/api/',
  ),
  'version' => '2.04',
  'slug' => 'wp-reset',
  'basename' => 'wp-reset/wp-reset.php',
  'plugin_page' => 'tools_page_wp-reset',
  'plugin_file' => 'C:\\xampp\\htdocs\\myPersonalSites\\devGithub\\wp-content\\plugins\\wp-reset\\wp-reset.php',
  'js_folder' => 'http://localhost/myPersonalSites/devGithub/wp-content/plugins/wp-reset//js/',
  'api_ver' => 'v1/',
  'valid_forever' => '2035-01-01',
  'unlimited_installs' => 99999,
  'debug' => true,
  'filesystem_initialized' => false,
)

[Sun, 27 Apr 2025 12:13:15 +0000] wpr: __construct
array (
  'prefix' => 'wpr',
  'licensing_servers' => 
  array (
    0 => 'https://dashboard.wpreset.com/api/',
  ),
  'version' => '2.04',
  'plugin_file' => 'C:\\xampp\\htdocs\\myPersonalSites\\devGithub\\wp-content\\plugins\\wp-reset\\wp-reset.php',
  'plugin_page' => 'tools_page_wp-reset',
  'skip_hooks' => false,
  'debug' => true,
  'js_folder' => 'http://localhost/myPersonalSites/devGithub/wp-content/plugins/wp-reset//js/',
)
array (
  'prefix' => 'wpr',
  'licensing_servers' => 
  array (
    0 => 'https://dashboard.wpreset.com/api/',
  ),
  'version' => '2.04',
  'slug' => 'wp-reset',
  'basename' => 'wp-reset/wp-reset.php',
  'plugin_page' => 'tools_page_wp-reset',
  'plugin_file' => 'C:\\xampp\\htdocs\\myPersonalSites\\devGithub\\wp-content\\plugins\\wp-reset\\wp-reset.php',
  'js_folder' => 'http://localhost/myPersonalSites/devGithub/wp-content/plugins/wp-reset//js/',
  'api_ver' => 'v1/',
  'valid_forever' => '2035-01-01',
  'unlimited_installs' => 99999,
  'debug' => true,
  'filesystem_initialized' => false,
)

[Sun, 27 Apr 2025 12:13:16 +0000] wpr: __construct
array (
  'prefix' => 'wpr',
  'licensing_servers' => 
  array (
    0 => 'https://dashboard.wpreset.com/api/',
  ),
  'version' => '2.04',
  'plugin_file' => 'C:\\xampp\\htdocs\\myPersonalSites\\devGithub\\wp-content\\plugins\\wp-reset\\wp-reset.php',
  'plugin_page' => 'tools_page_wp-reset',
  'skip_hooks' => false,
  'debug' => true,
  'js_folder' => 'http://localhost/myPersonalSites/devGithub/wp-content/plugins/wp-reset//js/',
)
array (
  'prefix' => 'wpr',
  'licensing_servers' => 
  array (
    0 => 'https://dashboard.wpreset.com/api/',
  ),
  'version' => '2.04',
  'slug' => 'wp-reset',
  'basename' => 'wp-reset/wp-reset.php',
  'plugin_page' => 'tools_page_wp-reset',
  'plugin_file' => 'C:\\xampp\\htdocs\\myPersonalSites\\devGithub\\wp-content\\plugins\\wp-reset\\wp-reset.php',
  'js_folder' => 'http://localhost/myPersonalSites/devGithub/wp-content/plugins/wp-reset//js/',
  'api_ver' => 'v1/',
  'valid_forever' => '2035-01-01',
  'unlimited_installs' => 99999,
  'debug' => true,
  'filesystem_initialized' => false,
)

[Sun, 27 Apr 2025 12:13:20 +0000] wpr: __construct
array (
  'prefix' => 'wpr',
  'licensing_servers' => 
  array (
    0 => 'https://dashboard.wpreset.com/api/',
  ),
  'version' => '2.04',
  'plugin_file' => 'C:\\xampp\\htdocs\\myPersonalSites\\devGithub\\wp-content\\plugins\\wp-reset\\wp-reset.php',
  'plugin_page' => 'tools_page_wp-reset',
  'skip_hooks' => false,
  'debug' => true,
  'js_folder' => 'http://localhost/myPersonalSites/devGithub/wp-content/plugins/wp-reset//js/',
)
array (
  'prefix' => 'wpr',
  'licensing_servers' => 
  array (
    0 => 'https://dashboard.wpreset.com/api/',
  ),
  'version' => '2.04',
  'slug' => 'wp-reset',
  'basename' => 'wp-reset/wp-reset.php',
  'plugin_page' => 'tools_page_wp-reset',
  'plugin_file' => 'C:\\xampp\\htdocs\\myPersonalSites\\devGithub\\wp-content\\plugins\\wp-reset\\wp-reset.php',
  'js_folder' => 'http://localhost/myPersonalSites/devGithub/wp-content/plugins/wp-reset//js/',
  'api_ver' => 'v1/',
  'valid_forever' => '2035-01-01',
  'unlimited_installs' => 99999,
  'debug' => true,
  'filesystem_initialized' => false,
)

[Sun, 27 Apr 2025 12:13:30 +0000] wpr: __construct
array (
  'prefix' => 'wpr',
  'licensing_servers' => 
  array (
    0 => 'https://dashboard.wpreset.com/api/',
  ),
  'version' => '2.04',
  'plugin_file' => 'C:\\xampp\\htdocs\\myPersonalSites\\devGithub\\wp-content\\plugins\\wp-reset\\wp-reset.php',
  'plugin_page' => 'tools_page_wp-reset',
  'skip_hooks' => false,
  'debug' => true,
  'js_folder' => 'http://localhost/myPersonalSites/devGithub/wp-content/plugins/wp-reset//js/',
)
array (
  'prefix' => 'wpr',
  'licensing_servers' => 
  array (
    0 => 'https://dashboard.wpreset.com/api/',
  ),
  'version' => '2.04',
  'slug' => 'wp-reset',
  'basename' => 'wp-reset/wp-reset.php',
  'plugin_page' => 'tools_page_wp-reset',
  'plugin_file' => 'C:\\xampp\\htdocs\\myPersonalSites\\devGithub\\wp-content\\plugins\\wp-reset\\wp-reset.php',
  'js_folder' => 'http://localhost/myPersonalSites/devGithub/wp-content/plugins/wp-reset//js/',
  'api_ver' => 'v1/',
  'valid_forever' => '2035-01-01',
  'unlimited_installs' => 99999,
  'debug' => true,
  'filesystem_initialized' => false,
)

[Sun, 27 Apr 2025 12:13:33 +0000] wpr: __construct
array (
  'prefix' => 'wpr',
  'licensing_servers' => 
  array (
    0 => 'https://dashboard.wpreset.com/api/',
  ),
  'version' => '2.04',
  'plugin_file' => 'C:\\xampp\\htdocs\\myPersonalSites\\devGithub\\wp-content\\plugins\\wp-reset\\wp-reset.php',
  'plugin_page' => 'tools_page_wp-reset',
  'skip_hooks' => false,
  'debug' => true,
  'js_folder' => 'http://localhost/myPersonalSites/devGithub/wp-content/plugins/wp-reset//js/',
)
array (
  'prefix' => 'wpr',
  'licensing_servers' => 
  array (
    0 => 'https://dashboard.wpreset.com/api/',
  ),
  'version' => '2.04',
  'slug' => 'wp-reset',
  'basename' => 'wp-reset/wp-reset.php',
  'plugin_page' => 'tools_page_wp-reset',
  'plugin_file' => 'C:\\xampp\\htdocs\\myPersonalSites\\devGithub\\wp-content\\plugins\\wp-reset\\wp-reset.php',
  'js_folder' => 'http://localhost/myPersonalSites/devGithub/wp-content/plugins/wp-reset//js/',
  'api_ver' => 'v1/',
  'valid_forever' => '2035-01-01',
  'unlimited_installs' => 99999,
  'debug' => true,
  'filesystem_initialized' => false,
)

[Sun, 27 Apr 2025 12:13:36 +0000] wpr: __construct
array (
  'prefix' => 'wpr',
  'licensing_servers' => 
  array (
    0 => 'https://dashboard.wpreset.com/api/',
  ),
  'version' => '2.04',
  'plugin_file' => 'C:\\xampp\\htdocs\\myPersonalSites\\devGithub\\wp-content\\plugins\\wp-reset\\wp-reset.php',
  'plugin_page' => 'tools_page_wp-reset',
  'skip_hooks' => false,
  'debug' => true,
  'js_folder' => 'http://localhost/myPersonalSites/devGithub/wp-content/plugins/wp-reset//js/',
)
array (
  'prefix' => 'wpr',
  'licensing_servers' => 
  array (
    0 => 'https://dashboard.wpreset.com/api/',
  ),
  'version' => '2.04',
  'slug' => 'wp-reset',
  'basename' => 'wp-reset/wp-reset.php',
  'plugin_page' => 'tools_page_wp-reset',
  'plugin_file' => 'C:\\xampp\\htdocs\\myPersonalSites\\devGithub\\wp-content\\plugins\\wp-reset\\wp-reset.php',
  'js_folder' => 'http://localhost/myPersonalSites/devGithub/wp-content/plugins/wp-reset//js/',
  'api_ver' => 'v1/',
  'valid_forever' => '2035-01-01',
  'unlimited_installs' => 99999,
  'debug' => true,
  'filesystem_initialized' => false,
)

[Sun, 27 Apr 2025 12:13:36 +0000] wpr: __construct
array (
  'prefix' => 'wpr',
  'licensing_servers' => 
  array (
    0 => 'https://dashboard.wpreset.com/api/',
  ),
  'version' => '2.04',
  'plugin_file' => 'C:\\xampp\\htdocs\\myPersonalSites\\devGithub\\wp-content\\plugins\\wp-reset\\wp-reset.php',
  'plugin_page' => 'tools_page_wp-reset',
  'skip_hooks' => false,
  'debug' => true,
  'js_folder' => 'http://localhost/myPersonalSites/devGithub/wp-content/plugins/wp-reset//js/',
)
array (
  'prefix' => 'wpr',
  'licensing_servers' => 
  array (
    0 => 'https://dashboard.wpreset.com/api/',
  ),
  'version' => '2.04',
  'slug' => 'wp-reset',
  'basename' => 'wp-reset/wp-reset.php',
  'plugin_page' => 'tools_page_wp-reset',
  'plugin_file' => 'C:\\xampp\\htdocs\\myPersonalSites\\devGithub\\wp-content\\plugins\\wp-reset\\wp-reset.php',
  'js_folder' => 'http://localhost/myPersonalSites/devGithub/wp-content/plugins/wp-reset//js/',
  'api_ver' => 'v1/',
  'valid_forever' => '2035-01-01',
  'unlimited_installs' => 99999,
  'debug' => true,
  'filesystem_initialized' => false,
)

[Sun, 27 Apr 2025 12:13:46 +0000] wpr: __construct
array (
  'prefix' => 'wpr',
  'licensing_servers' => 
  array (
    0 => 'https://dashboard.wpreset.com/api/',
  ),
  'version' => '2.04',
  'plugin_file' => 'C:\\xampp\\htdocs\\myPersonalSites\\devGithub\\wp-content\\plugins\\wp-reset\\wp-reset.php',
  'plugin_page' => 'tools_page_wp-reset',
  'skip_hooks' => false,
  'debug' => true,
  'js_folder' => 'http://localhost/myPersonalSites/devGithub/wp-content/plugins/wp-reset//js/',
)
array (
  'prefix' => 'wpr',
  'licensing_servers' => 
  array (
    0 => 'https://dashboard.wpreset.com/api/',
  ),
  'version' => '2.04',
  'slug' => 'wp-reset',
  'basename' => 'wp-reset/wp-reset.php',
  'plugin_page' => 'tools_page_wp-reset',
  'plugin_file' => 'C:\\xampp\\htdocs\\myPersonalSites\\devGithub\\wp-content\\plugins\\wp-reset\\wp-reset.php',
  'js_folder' => 'http://localhost/myPersonalSites/devGithub/wp-content/plugins/wp-reset//js/',
  'api_ver' => 'v1/',
  'valid_forever' => '2035-01-01',
  'unlimited_installs' => 99999,
  'debug' => true,
  'filesystem_initialized' => false,
)

[Sun, 27 Apr 2025 12:13:48 +0000] wpr: __construct
array (
  'prefix' => 'wpr',
  'licensing_servers' => 
  array (
    0 => 'https://dashboard.wpreset.com/api/',
  ),
  'version' => '2.04',
  'plugin_file' => 'C:\\xampp\\htdocs\\myPersonalSites\\devGithub\\wp-content\\plugins\\wp-reset\\wp-reset.php',
  'plugin_page' => 'tools_page_wp-reset',
  'skip_hooks' => false,
  'debug' => true,
  'js_folder' => 'http://localhost/myPersonalSites/devGithub/wp-content/plugins/wp-reset//js/',
)
array (
  'prefix' => 'wpr',
  'licensing_servers' => 
  array (
    0 => 'https://dashboard.wpreset.com/api/',
  ),
  'version' => '2.04',
  'slug' => 'wp-reset',
  'basename' => 'wp-reset/wp-reset.php',
  'plugin_page' => 'tools_page_wp-reset',
  'plugin_file' => 'C:\\xampp\\htdocs\\myPersonalSites\\devGithub\\wp-content\\plugins\\wp-reset\\wp-reset.php',
  'js_folder' => 'http://localhost/myPersonalSites/devGithub/wp-content/plugins/wp-reset//js/',
  'api_ver' => 'v1/',
  'valid_forever' => '2035-01-01',
  'unlimited_installs' => 99999,
  'debug' => true,
  'filesystem_initialized' => false,
)

[Sun, 27 Apr 2025 12:13:52 +0000] wpr: __construct
array (
  'prefix' => 'wpr',
  'licensing_servers' => 
  array (
    0 => 'https://dashboard.wpreset.com/api/',
  ),
  'version' => '2.04',
  'plugin_file' => 'C:\\xampp\\htdocs\\myPersonalSites\\devGithub\\wp-content\\plugins\\wp-reset\\wp-reset.php',
  'plugin_page' => 'tools_page_wp-reset',
  'skip_hooks' => false,
  'debug' => true,
  'js_folder' => 'http://localhost/myPersonalSites/devGithub/wp-content/plugins/wp-reset//js/',
)
array (
  'prefix' => 'wpr',
  'licensing_servers' => 
  array (
    0 => 'https://dashboard.wpreset.com/api/',
  ),
  'version' => '2.04',
  'slug' => 'wp-reset',
  'basename' => 'wp-reset/wp-reset.php',
  'plugin_page' => 'tools_page_wp-reset',
  'plugin_file' => 'C:\\xampp\\htdocs\\myPersonalSites\\devGithub\\wp-content\\plugins\\wp-reset\\wp-reset.php',
  'js_folder' => 'http://localhost/myPersonalSites/devGithub/wp-content/plugins/wp-reset//js/',
  'api_ver' => 'v1/',
  'valid_forever' => '2035-01-01',
  'unlimited_installs' => 99999,
  'debug' => true,
  'filesystem_initialized' => false,
)

[Sun, 27 Apr 2025 12:14:03 +0000] wpr: __construct
array (
  'prefix' => 'wpr',
  'licensing_servers' => 
  array (
    0 => 'https://dashboard.wpreset.com/api/',
  ),
  'version' => '2.04',
  'plugin_file' => 'C:\\xampp\\htdocs\\myPersonalSites\\devGithub\\wp-content\\plugins\\wp-reset\\wp-reset.php',
  'plugin_page' => 'tools_page_wp-reset',
  'skip_hooks' => false,
  'debug' => true,
  'js_folder' => 'http://localhost/myPersonalSites/devGithub/wp-content/plugins/wp-reset//js/',
)
array (
  'prefix' => 'wpr',
  'licensing_servers' => 
  array (
    0 => 'https://dashboard.wpreset.com/api/',
  ),
  'version' => '2.04',
  'slug' => 'wp-reset',
  'basename' => 'wp-reset/wp-reset.php',
  'plugin_page' => 'tools_page_wp-reset',
  'plugin_file' => 'C:\\xampp\\htdocs\\myPersonalSites\\devGithub\\wp-content\\plugins\\wp-reset\\wp-reset.php',
  'js_folder' => 'http://localhost/myPersonalSites/devGithub/wp-content/plugins/wp-reset//js/',
  'api_ver' => 'v1/',
  'valid_forever' => '2035-01-01',
  'unlimited_installs' => 99999,
  'debug' => true,
  'filesystem_initialized' => false,
)

[Sun, 27 Apr 2025 12:15:37 +0000] wpr: __construct
array (
  'prefix' => 'wpr',
  'licensing_servers' => 
  array (
    0 => 'https://dashboard.wpreset.com/api/',
  ),
  'version' => '2.04',
  'plugin_file' => 'C:\\xampp\\htdocs\\myPersonalSites\\devGithub\\wp-content\\plugins\\wp-reset\\wp-reset.php',
  'plugin_page' => 'tools_page_wp-reset',
  'skip_hooks' => false,
  'debug' => true,
  'js_folder' => 'http://localhost/myPersonalSites/devGithub/wp-content/plugins/wp-reset//js/',
)
array (
  'prefix' => 'wpr',
  'licensing_servers' => 
  array (
    0 => 'https://dashboard.wpreset.com/api/',
  ),
  'version' => '2.04',
  'slug' => 'wp-reset',
  'basename' => 'wp-reset/wp-reset.php',
  'plugin_page' => 'tools_page_wp-reset',
  'plugin_file' => 'C:\\xampp\\htdocs\\myPersonalSites\\devGithub\\wp-content\\plugins\\wp-reset\\wp-reset.php',
  'js_folder' => 'http://localhost/myPersonalSites/devGithub/wp-content/plugins/wp-reset//js/',
  'api_ver' => 'v1/',
  'valid_forever' => '2035-01-01',
  'unlimited_installs' => 99999,
  'debug' => true,
  'filesystem_initialized' => false,
)

[Sun, 27 Apr 2025 12:15:43 +0000] wpr: __construct
array (
  'prefix' => 'wpr',
  'licensing_servers' => 
  array (
    0 => 'https://dashboard.wpreset.com/api/',
  ),
  'version' => '2.04',
  'plugin_file' => 'C:\\xampp\\htdocs\\myPersonalSites\\devGithub\\wp-content\\plugins\\wp-reset\\wp-reset.php',
  'plugin_page' => 'tools_page_wp-reset',
  'skip_hooks' => false,
  'debug' => true,
  'js_folder' => 'http://localhost/myPersonalSites/devGithub/wp-content/plugins/wp-reset//js/',
)
array (
  'prefix' => 'wpr',
  'licensing_servers' => 
  array (
    0 => 'https://dashboard.wpreset.com/api/',
  ),
  'version' => '2.04',
  'slug' => 'wp-reset',
  'basename' => 'wp-reset/wp-reset.php',
  'plugin_page' => 'tools_page_wp-reset',
  'plugin_file' => 'C:\\xampp\\htdocs\\myPersonalSites\\devGithub\\wp-content\\plugins\\wp-reset\\wp-reset.php',
  'js_folder' => 'http://localhost/myPersonalSites/devGithub/wp-content/plugins/wp-reset//js/',
  'api_ver' => 'v1/',
  'valid_forever' => '2035-01-01',
  'unlimited_installs' => 99999,
  'debug' => true,
  'filesystem_initialized' => false,
)

[Sun, 27 Apr 2025 12:15:44 +0000] wpr: __construct
array (
  'prefix' => 'wpr',
  'licensing_servers' => 
  array (
    0 => 'https://dashboard.wpreset.com/api/',
  ),
  'version' => '2.04',
  'plugin_file' => 'C:\\xampp\\htdocs\\myPersonalSites\\devGithub\\wp-content\\plugins\\wp-reset\\wp-reset.php',
  'plugin_page' => 'tools_page_wp-reset',
  'skip_hooks' => false,
  'debug' => true,
  'js_folder' => 'http://localhost/myPersonalSites/devGithub/wp-content/plugins/wp-reset//js/',
)
array (
  'prefix' => 'wpr',
  'licensing_servers' => 
  array (
    0 => 'https://dashboard.wpreset.com/api/',
  ),
  'version' => '2.04',
  'slug' => 'wp-reset',
  'basename' => 'wp-reset/wp-reset.php',
  'plugin_page' => 'tools_page_wp-reset',
  'plugin_file' => 'C:\\xampp\\htdocs\\myPersonalSites\\devGithub\\wp-content\\plugins\\wp-reset\\wp-reset.php',
  'js_folder' => 'http://localhost/myPersonalSites/devGithub/wp-content/plugins/wp-reset//js/',
  'api_ver' => 'v1/',
  'valid_forever' => '2035-01-01',
  'unlimited_installs' => 99999,
  'debug' => true,
  'filesystem_initialized' => false,
)

[Sun, 27 Apr 2025 12:15:46 +0000] wpr: __construct
array (
  'prefix' => 'wpr',
  'licensing_servers' => 
  array (
    0 => 'https://dashboard.wpreset.com/api/',
  ),
  'version' => '2.04',
  'plugin_file' => 'C:\\xampp\\htdocs\\myPersonalSites\\devGithub\\wp-content\\plugins\\wp-reset\\wp-reset.php',
  'plugin_page' => 'tools_page_wp-reset',
  'skip_hooks' => false,
  'debug' => true,
  'js_folder' => 'http://localhost/myPersonalSites/devGithub/wp-content/plugins/wp-reset//js/',
)
array (
  'prefix' => 'wpr',
  'licensing_servers' => 
  array (
    0 => 'https://dashboard.wpreset.com/api/',
  ),
  'version' => '2.04',
  'slug' => 'wp-reset',
  'basename' => 'wp-reset/wp-reset.php',
  'plugin_page' => 'tools_page_wp-reset',
  'plugin_file' => 'C:\\xampp\\htdocs\\myPersonalSites\\devGithub\\wp-content\\plugins\\wp-reset\\wp-reset.php',
  'js_folder' => 'http://localhost/myPersonalSites/devGithub/wp-content/plugins/wp-reset//js/',
  'api_ver' => 'v1/',
  'valid_forever' => '2035-01-01',
  'unlimited_installs' => 99999,
  'debug' => true,
  'filesystem_initialized' => false,
)

[Sun, 27 Apr 2025 12:15:53 +0000] wpr: __construct
array (
  'prefix' => 'wpr',
  'licensing_servers' => 
  array (
    0 => 'https://dashboard.wpreset.com/api/',
  ),
  'version' => '2.04',
  'plugin_file' => 'C:\\xampp\\htdocs\\myPersonalSites\\devGithub\\wp-content\\plugins\\wp-reset\\wp-reset.php',
  'plugin_page' => 'tools_page_wp-reset',
  'skip_hooks' => false,
  'debug' => true,
  'js_folder' => 'http://localhost/myPersonalSites/devGithub/wp-content/plugins/wp-reset//js/',
)
array (
  'prefix' => 'wpr',
  'licensing_servers' => 
  array (
    0 => 'https://dashboard.wpreset.com/api/',
  ),
  'version' => '2.04',
  'slug' => 'wp-reset',
  'basename' => 'wp-reset/wp-reset.php',
  'plugin_page' => 'tools_page_wp-reset',
  'plugin_file' => 'C:\\xampp\\htdocs\\myPersonalSites\\devGithub\\wp-content\\plugins\\wp-reset\\wp-reset.php',
  'js_folder' => 'http://localhost/myPersonalSites/devGithub/wp-content/plugins/wp-reset//js/',
  'api_ver' => 'v1/',
  'valid_forever' => '2035-01-01',
  'unlimited_installs' => 99999,
  'debug' => true,
  'filesystem_initialized' => false,
)

[Sun, 27 Apr 2025 12:16:03 +0000] wpr: __construct
array (
  'prefix' => 'wpr',
  'licensing_servers' => 
  array (
    0 => 'https://dashboard.wpreset.com/api/',
  ),
  'version' => '2.04',
  'plugin_file' => 'C:\\xampp\\htdocs\\myPersonalSites\\devGithub\\wp-content\\plugins\\wp-reset\\wp-reset.php',
  'plugin_page' => 'tools_page_wp-reset',
  'skip_hooks' => false,
  'debug' => true,
  'js_folder' => 'http://localhost/myPersonalSites/devGithub/wp-content/plugins/wp-reset//js/',
)
array (
  'prefix' => 'wpr',
  'licensing_servers' => 
  array (
    0 => 'https://dashboard.wpreset.com/api/',
  ),
  'version' => '2.04',
  'slug' => 'wp-reset',
  'basename' => 'wp-reset/wp-reset.php',
  'plugin_page' => 'tools_page_wp-reset',
  'plugin_file' => 'C:\\xampp\\htdocs\\myPersonalSites\\devGithub\\wp-content\\plugins\\wp-reset\\wp-reset.php',
  'js_folder' => 'http://localhost/myPersonalSites/devGithub/wp-content/plugins/wp-reset//js/',
  'api_ver' => 'v1/',
  'valid_forever' => '2035-01-01',
  'unlimited_installs' => 99999,
  'debug' => true,
  'filesystem_initialized' => false,
)

[Sun, 27 Apr 2025 12:16:20 +0000] wpr: __construct
array (
  'prefix' => 'wpr',
  'licensing_servers' => 
  array (
    0 => 'https://dashboard.wpreset.com/api/',
  ),
  'version' => '2.04',
  'plugin_file' => 'C:\\xampp\\htdocs\\myPersonalSites\\devGithub\\wp-content\\plugins\\wp-reset\\wp-reset.php',
  'plugin_page' => 'tools_page_wp-reset',
  'skip_hooks' => false,
  'debug' => true,
  'js_folder' => 'http://localhost/myPersonalSites/devGithub/wp-content/plugins/wp-reset//js/',
)
array (
  'prefix' => 'wpr',
  'licensing_servers' => 
  array (
    0 => 'https://dashboard.wpreset.com/api/',
  ),
  'version' => '2.04',
  'slug' => 'wp-reset',
  'basename' => 'wp-reset/wp-reset.php',
  'plugin_page' => 'tools_page_wp-reset',
  'plugin_file' => 'C:\\xampp\\htdocs\\myPersonalSites\\devGithub\\wp-content\\plugins\\wp-reset\\wp-reset.php',
  'js_folder' => 'http://localhost/myPersonalSites/devGithub/wp-content/plugins/wp-reset//js/',
  'api_ver' => 'v1/',
  'valid_forever' => '2035-01-01',
  'unlimited_installs' => 99999,
  'debug' => true,
  'filesystem_initialized' => false,
)

